time_s,sur1_input_valid,sur1_dp_doppler_hz,sur1_retained,sur1_retained_doppler_hz,sur2_input_valid,sur2_dp_doppler_hz,sur2_retained,sur2_retained_doppler_hz,sur3_input_valid,sur3_dp_doppler_hz,sur3_retained,sur3_retained_doppler_hz,rtk_x_m,rtk_y_m,rtk_z_m
0.0,1,-15.0,1,-15.0,1,-7.5,0,,1,17.5,0,,-4.475866315611466,0.15483617215170845,1.684
0.03999999999999915,1,-15.0,1,-15.0,1,-7.5,0,,1,17.5,0,,-4.514877232081622,0.17611485386270284,1.684
0.0799999999999983,1,-15.0,1,-15.0,1,-5.0,0,,1,17.5,1,17.5,-4.553888148551778,0.1973935355736972,1.684
0.11999999999999744,1,-15.0,1,-15.0,1,-5.0,0,,1,17.5,1,17.5,-4.555,0.198,1.684
0.1599999999999966,1,-15.0,1,-15.0,1,-5.0,1,-5.0,1,17.5,1,17.5,-4.604778735052166,0.2256000907219935,1.6849857175257854
0.20000000000000284,1,-15.0,1,-15.0,1,-5.0,1,-5.0,1,17.5,1,17.5,-4.655614817925998,0.2537864337015434,1.685992372632198
0.240000000000002,1,-15.0,1,-15.0,1,-5.0,1,-5.0,1,17.5,1,17.5,-4.704344243874256,0.282523103885811,1.6850331151225149
0.28000000000000114,1,-15.0,1,-15.0,1,-5.0,1,-5.0,1,17.5,1,17.5,-4.75305758593757,0.311263975703166,1.6840588482812486
0.3200000000000003,1,-15.0,1,-15.0,1,-5.0,0,,1,17.5,1,17.5,-4.756,0.313,1.684
0.35999999999999943,1,-15.0,1,-15.0,1,-5.0,0,,1,17.5,1,17.5,-4.819192026745665,0.3497545461683972,1.684
0.3999999999999986,1,-15.0,1,-15.0,1,-5.0,0,,1,17.5,1,17.5,-4.874784144032419,0.38299009002026185,1.6835669969993245
0.4399999999999977,1,-15.0,1,-15.0,1,-5.0,1,-5.0,1,17.5,1,17.5,-4.919368332798155,0.41085520799884684,1.6826381597333717
0.4799999999999969,1,-12.5,0,,1,-5.0,1,-5.0,1,17.5,1,17.5,-4.95,0.43,1.682
0.5200000000000031,1,-12.5,1,-12.5,1,-5.0,1,-5.0,1,15.0,1,15.0,-4.95,0.43,1.682
0.5600000000000023,1,-12.5,1,-12.5,1,-5.0,1,-5.0,1,15.0,1,15.0,-5.011952122428051,0.47086203819722483,1.6826590651322133
0.6000000000000014,1,-12.5,1,-12.5,1,-5.0,1,-5.0,1,15.0,1,15.0,-5.063468749154689,0.505055514139027,1.6832290441077022
0.6400000000000006,1,-12.5,1,-12.5,1,-7.5,1,-7.5,1,15.0,1,15.0,-5.102043738740445,0.5309234483318279,1.6836828675145934
0.6799999999999997,1,-10.0,1,-10.0,1,-7.5,1,-7.5,1,15.0,1,15.0,-5.136280352266294,0.5544346291565291,1.6838974598272352
0.7199999999999989,1,-10.0,1,-10.0,1,-7.5,1,-7.5,1,12.5,1,12.5,-5.160451630307075,0.5724779775531692,1.6835570192914495
0.759999999999998,1,-10.0,1,-10.0,1,-7.5,1,-7.5,1,12.5,1,12.5,-5.184622908347857,0.5905213259498092,1.683216578755664
0.7999999999999972,1,-10.0,1,-10.0,1,-7.5,1,-7.5,1,12.5,1,12.5,-5.2,0.602,1.683
0.8400000000000034,1,-10.0,1,-10.0,1,-7.5,1,-7.5,1,12.5,1,12.5,-5.2,0.602,1.683
0.8800000000000026,1,-7.5,0,,1,-7.5,1,-7.5,1,10.0,1,10.0,-5.236083984835121,0.6308671878680966,1.683601399747252
0.9200000000000017,1,-7.5,1,-7.5,1,-10.0,1,-10.0,1,10.0,1,10.0,-5.273216700693259,0.6608136642035753,1.6843003795612104
0.9600000000000009,1,-7.5,1,-7.5,1,-10.0,1,-10.0,1,10.0,1,10.0,-5.299555405161434,0.6823635133139003,1.6848989864809416
1.0,1,-7.5,1,-7.5,1,-10.0,1,-10.0,1,10.0,1,10.0,-5.314325588482936,0.6932038989415831,1.685480259929439
1.0399999999999991,1,-7.5,1,-7.5,1,-10.0,1,-10.0,1,10.0,1,10.0,-5.326747314148557,0.7018702191734119,1.686058014611561
1.0799999999999983,1,-7.5,1,-7.5,1,-10.0,1,-10.0,1,7.5,1,7.5,-5.339169039814179,0.7105365394052405,1.6866357692936829
1.1199999999999974,1,-7.5,1,-7.5,1,-10.0,1,-10.0,1,7.5,1,7.5,-5.355863659495855,0.7223636529713828,1.6872272733204066
1.1599999999999966,1,-7.5,1,-7.5,1,-10.0,1,-10.0,1,7.5,1,7.5,-5.37984701197497,0.7395824701358762,1.6878422310762813
1.2000000000000028,1,-7.5,1,-7.5,1,-10.0,1,-10.0,1,7.5,1,7.5,-5.386,0.744,1.688
1.240000000000002,1,-7.5,1,-7.5,1,-10.0,1,-10.0,1,7.5,1,7.5,-5.393905874759902,0.7506307336695955,1.6882550282180613
1.2800000000000011,1,-7.5,1,-7.5,1,-10.0,1,-10.0,1,7.5,1,7.5,-5.409346207023492,0.7635806897616386,1.6887531034523708
1.3200000000000003,1,-10.0,1,-10.0,1,-10.0,1,-10.0,1,7.5,1,7.5,-5.426685786244161,0.7780714885368014,1.689
1.3599999999999994,1,-10.0,1,-10.0,1,-10.0,1,-10.0,1,7.5,1,7.5,-5.445892233721037,0.7940768614341971,1.689
1.3999999999999986,1,-10.0,0,,1,-10.0,1,-10.0,1,7.5,1,7.5,-5.464077125448573,0.8082822086822233,1.6883675138722751
1.4399999999999977,1,-10.0,0,,1,-10.0,1,-10.0,1,7.5,1,7.5,-5.474,0.816,1.688
1.4799999999999969,1,-12.5,1,-12.5,1,-10.0,1,-10.0,1,7.5,1,7.5,-5.474,0.816,1.688
1.5200000000000031,1,-12.5,1,-12.5,1,-10.0,1,-10.0,1,7.5,1,7.5,-5.474122053270025,0.8161008266143686,1.688
1.5600000000000023,1,-12.5,1,-12.5,1,-10.0,1,-10.0,1,7.5,1,7.5,-5.4888741862501105,0.8282873712500914,1.688
1.6000000000000014,1,-15.0,1,-15.0,1,-10.0,1,-10.0,1,7.5,1,7.5,-5.500670779065062,0.8398002495466198,1.6882823676203893
1.6400000000000006,1,-15.0,1,-15.0,1,-10.0,1,-10.0,1,7.5,1,7.5,-5.508843011495631,0.8504870150327485,1.6889110008842794
1.6799999999999997,1,-15.0,1,-15.0,1,-10.0,1,-10.0,1,7.5,1,7.5,-5.51,0.852,1.689
1.7199999999999989,1,-15.0,1,-15.0,1,-10.0,1,-10.0,1,7.5,1,7.5,-5.51,0.852,1.689
1.759999999999998,1,-17.5,0,,1,-10.0,1,-10.0,1,7.5,1,7.5,-5.517830789136832,0.861637894322255,1.688397631604859
1.7999999999999972,1,-17.5,0,,1,-10.0,1,-10.0,1,7.5,1,7.5,-5.523,0.868,1.688
1.8400000000000034,1,-17.5,0,,1,-10.0,1,-10.0,1,7.5,1,7.5,-5.527296859574027,0.8732884425526491,1.688
1.8800000000000026,1,-17.5,1,-17.5,1,-7.5,1,-7.5,1,7.5,1,7.5,-5.535997589528988,0.8839970332664474,1.688
1.9200000000000017,1,-17.5,1,-17.5,1,-7.5,0,,1,7.5,1,7.5,-5.54212734426856,0.8910700126175699,1.688
1.9600000000000009,1,-17.5,1,-17.5,1,-7.5,0,,1,5.0,1,5.0,-5.5482563865416346,0.898141984471116,1.688
2.0,1,-17.5,1,-17.5,1,-5.0,0,,1,5.0,1,5.0,-5.549,0.899,1.688
2.039999999999999,1,-17.5,0,,1,-5.0,0,,1,5.0,0,,-5.549,0.899,1.688
2.0799999999999983,1,-17.5,0,,1,-2.5,0,,1,5.0,0,,-5.555085916703753,0.9060222115812535,1.688
2.1199999999999974,1,-17.5,0,,1,-2.5,0,,1,5.0,0,,-5.562,0.914,1.688
2.1599999999999966,1,-17.5,0,,1,-2.5,0,,1,5.0,0,,-5.562,0.914,1.688
2.200000000000003,1,-17.5,0,,1,0.0,0,,1,5.0,0,,-5.574713826770105,0.9276918134447278,1.6909339600238702
2.240000000000002,1,-17.5,0,,1,0.0,0,,1,5.0,1,5.0,-5.580576040933224,0.932956480829532,1.692239120207383
2.280000000000001,1,-17.5,0,,1,2.5,0,,1,5.0,1,5.0,-5.58590518791949,0.9376330182167062,1.6949051879194905
2.3200000000000003,1,-17.5,0,,1,2.5,0,,1,5.0,1,5.0,-5.59067952240602,0.9417253049194456,1.69967952240602
2.3599999999999994,1,-17.5,1,-17.5,1,2.5,0,,1,5.0,1,5.0,-5.591,0.942,1.7
2.3999999999999986,1,-17.5,1,-17.5,1,5.0,1,5.0,1,5.0,1,5.0,-5.591,0.942,1.7
2.4399999999999977,1,-17.5,1,-17.5,1,5.0,1,5.0,1,5.0,1,5.0,-5.593254264095222,0.9471526036462213,1.6996779622721112
2.479999999999997,1,-17.5,1,-17.5,1,5.0,1,5.0,1,5.0,1,5.0,-5.597841945380892,0.9576387322991815,1.6990225792313012
2.520000000000003,1,-17.5,1,-17.5,1,5.0,0,,1,5.0,1,5.0,-5.598,0.958,1.699
2.5600000000000023,1,-17.5,1,-17.5,1,5.0,0,,1,5.0,1,5.0,-5.5980063062116825,0.9580441434817768,1.6989957958588784
2.6000000000000014,1,-15.0,1,-15.0,1,5.0,0,,1,5.0,1,5.0,-5.600976233101829,0.9788336317128011,1.6970158445987809
2.6400000000000006,1,-15.0,1,-15.0,1,5.0,0,,1,5.0,1,5.0,-5.603326014026281,0.9906300701314023,1.6974652028052561
2.6799999999999997,1,-15.0,1,-15.0,1,5.0,0,,1,5.0,1,5.0,-5.605670792185757,1.0023539609287868,1.6979341584371515
2.719999999999999,1,-15.0,1,-15.0,1,5.0,0,,1,5.0,1,5.0,-5.608387679746833,1.0142329132007102,1.698
2.759999999999998,1,-15.0,1,-15.0,1,5.0,1,5.0,1,5.0,1,5.0,-5.611165344805974,1.0261371920256,1.698
2.799999999999997,1,-15.0,0,,1,5.0,1,5.0,1,5.0,1,5.0,-5.613,1.034,1.698
2.8400000000000034,1,-12.5,1,-12.5,1,5.0,1,5.0,1,5.0,1,5.0,-5.613,1.034,1.698
2.8800000000000026,1,-12.5,1,-12.5,1,5.0,1,5.0,1,5.0,1,5.0,-5.614356690130693,1.0475669013069253,1.6975477699564359
2.9200000000000017,1,-12.5,1,-12.5,1,5.0,1,5.0,1,5.0,1,5.0,-5.615693845269063,1.0737969513899743,1.6963876905381268
2.960000000000001,1,-12.5,1,-12.5,1,5.0,1,5.0,1,5.0,1,5.0,-5.615054856851222,1.0942445807608963,1.695109713702444
3.0,1,-12.5,1,-12.5,1,5.0,1,5.0,1,5.0,1,5.0,-5.613201287734853,1.1108393761874604,1.6954496780662867
3.039999999999999,1,-10.0,1,-10.0,1,5.0,1,5.0,1,5.0,1,5.0,-5.611233655149767,1.127072345014425,1.6959415862125582
3.0799999999999983,1,-10.0,1,-10.0,1,5.0,1,5.0,1,5.0,0,,-5.611,1.129,1.696
3.1199999999999974,1,-10.0,1,-10.0,1,5.0,1,5.0,1,5.0,0,,-5.611,1.129,1.696
3.1599999999999966,1,-10.0,1,-10.0,1,5.0,1,5.0,1,5.0,0,,-5.605270852136156,1.150643447485632,1.6953634280151284
3.200000000000003,1,-10.0,1,-10.0,1,5.0,1,5.0,1,5.0,0,,-5.602,1.163,1.695
3.240000000000002,1,-10.0,1,-10.0,1,5.0,1,5.0,1,5.0,1,5.0,-5.601288144187024,1.1650762461211805,1.694881357364504
3.280000000000001,1,-10.0,1,-10.0,1,5.0,1,5.0,1,5.0,1,5.0,-5.5941156095492905,1.185996138814569,1.6936859349248818
3.3200000000000003,1,-10.0,1,-10.0,1,5.0,1,5.0,1,5.0,1,5.0,-5.585311982494744,1.2082550382927462,1.6927069989059216
3.3599999999999994,1,-10.0,1,-10.0,1,5.0,1,5.0,1,5.0,1,5.0,-5.574312377674243,1.2323166738375926,1.6920195236046403
3.3999999999999986,1,-10.0,1,-10.0,1,5.0,1,5.0,1,5.0,1,5.0,-5.574,1.233,1.692
3.4399999999999977,1,-10.0,1,-10.0,1,5.0,1,5.0,1,5.0,1,5.0,-5.569084757767862,1.2433766224900697,1.6917269309871035
3.479999999999997,1,-10.0,1,-10.0,1,7.5,1,7.5,1,5.0,0,,-5.5571269880061935,1.268620803098035,1.6910626104447886
3.520000000000003,1,-10.0,1,-10.0,1,7.5,1,7.5,1,5.0,1,5.0,-5.556,1.271,1.691
3.5600000000000023,1,-7.5,1,-7.5,1,7.5,1,7.5,1,5.0,1,5.0,-5.550638571738972,1.281454785109004,1.691
3.6000000000000014,1,-7.5,1,-7.5,1,7.5,1,7.5,1,5.0,1,5.0,-5.538487332512493,1.3051497016006381,1.691
3.6400000000000006,1,-7.5,1,-7.5,1,7.5,1,7.5,1,5.0,0,,-5.526652351075981,1.32666320025586,1.6905935804815644
3.6799999999999997,1,-7.5,1,-7.5,1,7.5,1,7.5,1,5.0,0,,-5.5148987692541995,1.3476152374164267,1.6900825551849652
3.719999999999999,1,-7.5,1,-7.5,1,7.5,0,,1,5.0,1,5.0,-5.504163097055406,1.3656148779468291,1.69
3.759999999999998,1,-7.5,1,-7.5,1,7.5,0,,1,5.0,1,5.0,-5.4936235498952595,1.3830456674809173,1.69
3.799999999999997,1,-7.5,0,,1,7.5,0,,1,5.0,1,5.0,-5.487,1.394,1.69
3.8400000000000034,1,-7.5,1,-7.5,1,7.5,1,7.5,1,5.0,1,5.0,-5.487,1.394,1.69
3.8800000000000026,1,-5.0,1,-5.0,1,7.5,1,7.5,1,5.0,0,,-5.487,1.394,1.69
3.9200000000000017,1,-5.0,1,-5.0,1,7.5,1,7.5,1,5.0,0,,-5.460413812035901,1.4376773087981618,1.6890504932869965
3.960000000000001,1,-5.0,1,-5.0,1,7.5,1,7.5,1,5.0,0,,-5.445004045574057,1.462122637641006,1.689
4.0,1,-5.0,1,-5.0,1,7.5,1,7.5,1,5.0,0,,-5.430300087642419,1.485364377597467,1.689
4.039999999999999,1,-5.0,0,,1,10.0,1,10.0,1,5.0,1,5.0,-5.41817576965875,1.5053737172354167,1.6892977039497348
4.079999999999998,1,-5.0,0,,1,10.0,1,10.0,1,5.0,1,5.0,-5.406529802208251,1.5247836629862488,1.6896506120542953
4.119999999999997,1,-5.0,0,,1,10.0,1,10.0,1,5.0,0,,-5.395,1.544,1.69
4.159999999999997,1,-5.0,0,,1,10.0,1,10.0,1,5.0,0,,-5.395,1.544,1.69
4.200000000000003,1,-5.0,0,,1,10.0,1,10.0,1,5.0,1,5.0,-5.372334524100806,1.5841502715928586,1.69
4.240000000000002,1,-5.0,1,-5.0,1,10.0,1,10.0,1,5.0,1,5.0,-5.36,1.606,1.69
4.280000000000001,1,-5.0,1,-5.0,1,12.5,1,12.5,1,5.0,1,5.0,-5.348818940747461,1.6253623221202513,1.690272708762257
4.32,1,-5.0,1,-5.0,1,12.5,1,12.5,1,5.0,1,5.0,-5.318813483775233,1.677331584399586,1.691
4.359999999999999,1,-5.0,1,-5.0,1,12.5,0,,1,5.0,1,5.0,-5.288616789923966,1.7310145956907266,1.691
4.399999999999999,1,-5.0,1,-5.0,1,15.0,0,,1,5.0,1,5.0,-5.274,1.757,1.691
4.439999999999998,1,-5.0,1,-5.0,1,15.0,0,,1,5.0,1,5.0,-5.274,1.757,1.691
4.479999999999997,1,-5.0,1,-5.0,1,17.5,1,17.5,1,5.0,0,,-5.259045166359836,1.7843641636820036,1.6913181879497907
4.520000000000003,1,-5.0,1,-5.0,1,17.5,1,17.5,1,5.0,0,,-5.225997006703342,1.8447788937714313,1.6920756976072948
4.560000000000002,1,-5.0,1,-5.0,1,17.5,0,,1,5.0,0,,-5.191078650534656,1.9067095632026865,1.6947110452426675
4.600000000000001,1,-5.0,1,-5.0,1,20.0,1,20.0,1,5.0,1,5.0,-5.1566045126733195,1.96868463763074,1.6966212674045242
4.640000000000001,1,-5.0,1,-5.0,1,20.0,1,20.0,1,5.0,1,5.0,-5.122555642436234,2.0307022227054308,1.69783729848442
4.68,1,-5.0,1,-5.0,1,20.0,1,20.0,1,5.0,1,5.0,-5.096798716367794,2.076884260916566,1.6997378101337874
4.719999999999999,1,-5.0,1,-5.0,1,20.0,1,20.0,1,5.0,1,5.0,-5.072322597303207,2.1206202769500093,1.7017440494013767
4.759999999999998,1,-5.0,1,-5.0,1,20.0,1,20.0,1,5.0,1,5.0,-5.057,2.148,1.703
4.799999999999997,1,-5.0,1,-5.0,1,22.5,1,22.5,1,5.0,1,5.0,-5.057,2.148,1.703
4.840000000000003,1,-5.0,1,-5.0,1,22.5,1,22.5,1,5.0,0,,-5.057,2.148,1.703
4.880000000000003,1,-5.0,1,-5.0,1,22.5,1,22.5,1,5.0,0,,-5.05667853444437,2.148543654983787,1.7030189097385666
4.920000000000002,1,-7.5,1,-7.5,1,22.5,1,22.5,1,5.0,1,5.0,-4.990707095662429,2.2601129999826566,1.7068995826080924
4.960000000000001,1,-7.5,0,,1,22.5,1,22.5,1,5.0,1,5.0,-4.943008487406781,2.3415688340134158,1.7101938550411957
5.0,1,-7.5,1,-7.5,1,22.5,1,22.5,1,5.0,1,5.0,-4.903794937855473,2.408637249390617,1.712685977254261
5.039999999999999,1,-7.5,1,-7.5,1,22.5,1,22.5,1,2.5,0,,-4.874393313471969,2.459040034048053,1.7142133343650925
5.079999999999998,1,-7.5,1,-7.5,1,22.5,1,22.5,1,2.5,0,,-4.844991689088465,2.5094428187054887,1.715740691475924
5.119999999999997,1,-7.5,1,-7.5,1,22.5,1,22.5,1,2.5,0,,-4.84,2.518,1.716
5.159999999999997,1,-7.5,1,-7.5,1,22.5,1,22.5,1,2.5,0,,-4.8201398334408845,2.5525070393964633,1.7172412604099447
5.200000000000003,1,-10.0,1,-10.0,1,22.5,1,22.5,1,0.0,0,,-4.762014022840162,2.653500635315218,1.72087412357249
5.240000000000002,1,-10.0,1,-10.0,1,22.5,1,22.5,1,0.0,0,,-4.76,2.657,1.721
5.280000000000001,1,-10.0,1,-10.0,1,22.5,1,22.5,1,0.0,0,,-4.732527423955693,2.704332269570311,1.7223239795684004
5.32,1,-10.0,1,-10.0,1,22.5,1,22.5,1,0.0,0,,-4.6874812158031105,2.781942001688616,1.7244948811661152
5.359999999999999,1,-10.0,1,-10.0,1,22.5,1,22.5,1,-2.5,0,,-4.648871528128989,2.8504254312809585,1.7263721205790739
5.399999999999999,1,-10.0,1,-10.0,1,22.5,1,22.5,1,-2.5,0,,-4.612213600185458,2.9161414728382637,1.7281603121860754
5.439999999999998,1,-10.0,1,-10.0,1,22.5,1,22.5,1,-2.5,0,,-4.595,2.947,1.729
5.479999999999997,1,-10.0,1,-10.0,1,22.5,1,22.5,1,-5.0,1,-5.0,-4.554104875497078,3.0200270080409326,1.7299736934405459
5.520000000000003,1,-10.0,1,-10.0,1,22.5,1,22.5,1,-5.0,1,-5.0,-4.480884695156323,3.150999856961075,1.7313461529292378
5.560000000000002,1,-10.0,1,-10.0,1,22.5,1,22.5,1,-5.0,1,-5.0,-4.424,3.253,1.732
5.600000000000001,1,-10.0,1,-10.0,1,22.5,1,22.5,1,-5.0,1,-5.0,-4.424,3.253,1.732
5.640000000000001,1,-10.0,1,-10.0,1,22.5,1,22.5,1,-5.0,1,-5.0,-4.424,3.253,1.732
5.68,1,-10.0,1,-10.0,1,22.5,1,22.5,1,-7.5,1,-7.5,-4.38451631082023,3.323538276175095,1.7324436369570761
5.719999999999999,1,-10.0,1,-10.0,1,22.5,1,22.5,1,-7.5,0,,-4.333190463064108,3.4153902818454065,1.7330415985502505
5.759999999999998,1,-10.0,1,-10.0,1,22.5,1,22.5,1,-7.5,0,,-4.259715454028345,3.553050356245746,1.7347306792177393
5.799999999999997,1,-10.0,1,-10.0,1,22.5,1,22.5,1,-7.5,1,-7.5,-4.248,3.575,1.735
5.840000000000003,1,-10.0,1,-10.0,1,22.5,1,22.5,1,-7.5,1,-7.5,-4.248,3.575,1.735
5.880000000000003,1,-10.0,1,-10.0,1,22.5,1,22.5,1,-7.5,1,-7.5,-4.191154285413566,3.6796477927613913,1.7362919480587826
5.920000000000002,1,-10.0,1,-10.0,1,22.5,1,22.5,1,-7.5,1,-7.5,-4.16,3.737,1.737
5.960000000000001,1,-10.0,1,-10.0,1,22.5,1,22.5,1,-7.5,1,-7.5,-4.1341836697117875,3.7837014514202503,1.737
6.0,1,-10.0,1,-10.0,1,22.5,1,22.5,1,-10.0,1,-10.0,-4.072039367391531,3.8961197960670066,1.737
6.039999999999999,1,-10.0,1,-10.0,1,22.5,1,22.5,1,-10.0,1,-10.0,-4.030989666862493,3.966906684847928,1.737889118514167
6.079999999999998,1,-10.0,0,,1,25.0,1,25.0,1,-10.0,1,-10.0,-3.990298775998579,4.036985441335781,1.738793360533365
6.119999999999997,1,-10.0,1,-10.0,1,25.0,1,25.0,1,-12.5,1,-12.5,-3.981,4.053,1.739
6.159999999999997,1,-10.0,1,-10.0,1,25.0,1,25.0,1,-12.5,1,-12.5,-3.9396389919686494,4.117000717690616,1.739435379031909
6.200000000000003,1,-10.0,1,-10.0,1,25.0,1,25.0,1,-12.5,1,-12.5,-3.886,4.2,1.74
6.240000000000002,1,-10.0,1,-10.0,1,25.0,1,25.0,1,-15.0,1,-15.0,-3.886,4.2,1.74
6.280000000000001,1,-10.0,1,-10.0,1,27.5,1,27.5,1,-15.0,1,-15.0,-3.84978132272672,4.249104168226274,1.739651743487757
6.32,1,-10.0,1,-10.0,1,27.5,1,27.5,1,-17.5,1,-17.5,-3.782,4.341,1.739
6.359999999999999,1,-10.0,1,-10.0,1,27.5,1,27.5,1,-17.5,1,-17.5,-3.7795144761700312,4.343759352726491,1.7389578724774584
6.399999999999999,1,-10.0,0,,1,27.5,1,27.5,1,-20.0,1,-20.0,-3.703619261792311,4.428015904281418,1.7376715129117342
6.439999999999998,1,-10.0,0,,1,27.5,1,27.5,1,-20.0,1,-20.0,-3.6323538050205917,4.499923113217125,1.7365346147797147
6.479999999999997,1,-10.0,0,,1,30.0,1,30.0,1,-22.5,1,-22.5,-3.5661447993012665,4.558342824145941,1.735560952930901
6.520000000000003,1,-10.0,0,,1,30.0,1,30.0,1,-22.5,1,-22.5,-3.4942804534479577,4.616180464303767,1.735
6.560000000000002,1,-10.0,0,,1,30.0,1,30.0,1,-25.0,1,-25.0,-3.414729383403101,4.673226955322776,1.735
6.600000000000001,1,-10.0,0,,1,30.0,1,30.0,1,-25.0,1,-25.0,-3.376,4.701,1.735
6.640000000000001,1,-10.0,0,,1,30.0,1,30.0,1,-27.5,1,-27.5,-3.376,4.701,1.735
6.68,1,-10.0,0,,1,30.0,1,30.0,1,-27.5,1,-27.5,-3.2970804802107514,4.748159225239917,1.7369248663363233
6.719999999999999,1,-10.0,1,-10.0,1,30.0,0,,1,-27.5,0,,-3.2107187854978205,4.799630545357094,1.739
6.759999999999998,1,-10.0,1,-10.0,1,30.0,0,,1,-30.0,1,-30.0,-3.1193617573219417,4.844591595872971,1.739
6.799999999999997,1,-10.0,1,-10.0,1,30.0,1,30.0,1,-30.0,1,-30.0,-3.0280047291460632,4.889552646388848,1.739
6.840000000000003,1,-10.0,1,-10.0,1,30.0,1,30.0,1,-30.0,1,-30.0,-3.021,4.893,1.739
6.880000000000003,1,-10.0,1,-10.0,1,30.0,1,30.0,1,-30.0,1,-30.0,-2.9757421706742355,4.911325256046015,1.7392776553946367
6.920000000000002,1,-10.0,1,-10.0,1,32.5,1,32.5,1,-30.0,1,-30.0,-2.8575774201771393,4.959139337130781,1.7399954315694826
6.960000000000001,1,-10.0,1,-10.0,1,32.5,1,32.5,1,-30.0,1,-30.0,-2.7856502940781134,4.982855848979649,1.7392178410170607
7.0,1,-10.0,1,-10.0,1,32.5,1,32.5,1,-30.0,1,-30.0,-2.713723167979088,5.006572360828517,1.7384402504646388
7.039999999999999,1,-7.5,1,-7.5,1,32.5,1,32.5,1,-30.0,1,-30.0,-2.673,5.02,1.738
7.079999999999998,1,-7.5,1,-7.5,1,35.0,0,,1,-30.0,0,,-2.673,5.02,1.738
7.119999999999997,1,-7.5,1,-7.5,1,35.0,0,,1,-30.0,0,,-2.4511500025648667,5.077157859601192,1.7350936681558717
7.159999999999997,1,-7.5,1,-7.5,1,35.0,0,,1,-30.0,0,,-2.3488817718646704,5.094044209552017,1.735
7.200000000000003,1,-7.5,1,-7.5,1,35.0,0,,1,-30.0,1,-30.0,-2.250700263940469,5.109572917437987,1.735
7.240000000000002,1,-7.5,1,-7.5,1,35.0,0,,1,-30.0,1,-30.0,-2.1598115385513754,5.113988422879586,1.7358863161954636
7.280000000000001,1,-7.5,1,-7.5,1,35.0,0,,1,-30.0,1,-30.0,-2.0691290572043943,5.118089640628947,1.736797697917544
7.32,1,-7.5,1,-7.5,1,35.0,0,,1,-30.0,1,-30.0,-2.049,5.119,1.737
7.359999999999999,1,-5.0,1,-5.0,1,35.0,0,,1,-30.0,1,-30.0,-2.049,5.119,1.737
7.399999999999999,1,-5.0,1,-5.0,1,35.0,0,,1,-30.0,1,-30.0,-1.9196230961204013,5.109486992361794,1.7408052030552825
7.439999999999998,1,-5.0,1,-5.0,1,35.0,0,,1,-30.0,1,-30.0,-1.7937457370398076,5.095255196840915,1.743485822397727
7.479999999999997,1,-2.5,0,,1,35.0,0,,1,-30.0,1,-30.0,-1.6871990437263813,5.077076614095496,1.7444957436613615
7.520000000000003,1,-2.5,0,,1,35.0,0,,1,-30.0,1,-30.0,-1.580831803450191,5.0565894737998125,1.745971108612782
7.560000000000002,1,-2.5,0,,1,32.5,1,32.5,1,-30.0,1,-30.0,-1.4746435163247138,5.033800206699825,1.7479106207063981
7.600000000000001,1,0.0,0,,1,32.5,1,32.5,1,-30.0,1,-30.0,-1.415,5.021,1.749
7.640000000000001,1,0.0,0,,1,30.0,1,30.0,1,-30.0,1,-30.0,-1.415,5.021,1.749
7.68,1,2.5,1,2.5,1,27.5,1,27.5,1,-30.0,1,-30.0,-1.310777835065549,4.997057070217761,1.7485305307885837
7.719999999999999,1,2.5,1,2.5,1,27.5,1,27.5,1,-30.0,1,-30.0,-1.190634812305447,4.9693598803945935,1.7479783010303251
7.759999999999998,1,2.5,1,2.5,1,25.0,1,25.0,1,-27.5,1,-27.5,-1.083731397237857,4.940427304757034,1.7469975357544758
7.799999999999997,1,5.0,1,5.0,1,22.5,1,22.5,1,-27.5,1,-27.5,-0.976827982170267,4.911494729119475,1.7460167704786262
7.840000000000003,1,5.0,1,5.0,1,20.0,1,20.0,1,-27.5,1,-27.5,-0.975,4.911,1.746
7.880000000000003,1,7.5,1,7.5,1,20.0,1,20.0,1,-27.5,1,-27.5,-0.8859641410538213,4.884888522135976,1.7442877719433427
7.920000000000002,1,7.5,1,7.5,1,17.5,1,17.5,1,-27.5,0,,-0.7821444262436476,4.854441394234915,1.742291238966224
7.960000000000001,1,7.5,1,7.5,1,15.0,1,15.0,1,-27.5,0,,-0.7032980181401536,4.829587210232756,1.7402402767442031
8.0,1,10.0,1,10.0,1,12.5,1,12.5,1,-27.5,0,,-0.6287166810343768,4.80568821823201,1.7381800188131045
8.04,1,10.0,0,,1,12.5,1,12.5,1,-25.0,1,-25.0,-0.586,4.792,1.737
8.079999999999998,1,10.0,1,10.0,1,10.0,1,10.0,1,-25.0,1,-25.0,-0.586,4.792,1.737
8.119999999999997,1,10.0,1,10.0,1,10.0,1,10.0,1,-25.0,1,-25.0,-0.5134021789714636,4.768000720321145,1.737
8.159999999999997,1,10.0,1,10.0,1,7.5,1,7.5,1,-25.0,0,,-0.42382781964967836,4.736863168988852,1.736697263379777
8.200000000000003,1,10.0,1,10.0,1,7.5,1,7.5,1,-25.0,0,,-0.3282599493341017,4.701707421829761,1.7360086052403012
8.240000000000002,1,10.0,1,10.0,1,5.0,1,5.0,1,-25.0,0,,-0.2760436574985498,4.681063771569194,1.7366157714244355
8.280000000000001,1,10.0,1,10.0,1,5.0,1,5.0,1,-25.0,0,,-0.243,4.668,1.737
8.32,1,10.0,1,10.0,1,5.0,1,5.0,1,-25.0,0,,-0.243,4.668,1.737
8.36,1,10.0,1,10.0,1,5.0,1,5.0,1,-25.0,0,,-0.23088027181117893,4.662963229843607,1.736370403730451
8.399999999999999,1,10.0,1,10.0,1,5.0,1,5.0,1,-25.0,0,,-0.19096007132107914,4.646373016652916,1.7342966270816147
8.439999999999998,1,10.0,1,10.0,1,5.0,1,5.0,1,-25.0,0,,-0.166,4.636,1.733
8.479999999999997,1,10.0,1,10.0,1,5.0,1,5.0,1,-25.0,0,,-0.166,4.636,1.733
8.520000000000003,1,10.0,1,10.0,1,5.0,1,5.0,1,-25.0,1,-25.0,-0.12040488820468563,4.6162831948993235,1.732383849840604
8.560000000000002,1,10.0,1,10.0,1,5.0,1,5.0,1,-25.0,1,-25.0,-0.06929213473091372,4.591997271214912,1.7316756019247272
8.600000000000001,1,10.0,1,10.0,1,5.0,1,5.0,1,-25.0,1,-25.0,-0.02168454220864065,4.566811666990233,1.731
8.64,1,10.0,1,10.0,1,5.0,1,5.0,1,-25.0,0,,0.009942704740682422,4.547929728513026,1.731
8.68,1,10.0,1,10.0,1,5.0,1,5.0,1,-25.0,0,,0.0415699516900055,4.5290477900358175,1.731
8.719999999999999,1,10.0,1,10.0,1,5.0,1,5.0,1,-25.0,0,,0.045,4.527,1.731
8.759999999999998,1,10.0,1,10.0,1,5.0,1,5.0,1,-25.0,0,,0.045737460489775256,4.526524219038855,1.7310475780961145
8.799999999999997,1,10.0,1,10.0,1,5.0,1,5.0,1,-25.0,0,,0.08665138334945705,4.500128139774544,1.7336871860225458
8.840000000000003,1,10.0,1,10.0,1,5.0,1,5.0,1,-25.0,0,,0.1252634710481323,4.474215570266307,1.735
8.880000000000003,1,10.0,1,10.0,1,5.0,1,5.0,1,-25.0,0,,0.16159797723122027,4.4487814159381465,1.735
8.920000000000002,1,10.0,1,10.0,1,5.0,1,5.0,1,-25.0,0,,0.1907812978379851,4.427051850688313,1.7363461111983765
8.96,1,10.0,1,10.0,1,5.0,1,5.0,1,-25.0,0,,0.21871574143770048,4.405969251745132,1.7379273061191152
9.0,1,10.0,1,10.0,1,5.0,1,5.0,1,-25.0,0,,0.22,4.405,1.738
9.04,1,10.0,1,10.0,1,5.0,1,5.0,1,-25.0,0,,0.22,4.405,1.738
9.079999999999998,1,10.0,1,10.0,1,5.0,1,5.0,1,-25.0,0,,0.22,4.405,1.738
9.119999999999997,1,10.0,1,10.0,1,5.0,1,5.0,1,-25.0,0,,0.24139969446514517,4.388849287196117,1.7384037678200972
9.159999999999997,1,10.0,1,10.0,1,5.0,1,5.0,1,-25.0,0,,0.2835157949042474,4.356708700171652,1.7392022268250817
9.200000000000003,1,10.0,1,10.0,1,5.0,1,5.0,1,-25.0,0,,0.325,4.324,1.74
9.240000000000002,1,10.0,1,10.0,1,5.0,1,5.0,1,-25.0,0,,0.325,4.324,1.74
9.280000000000001,1,10.0,1,10.0,1,5.0,1,5.0,1,-25.0,1,-25.0,0.3343761526815921,4.317010504364632,1.740511426509905
9.32,1,10.0,1,10.0,1,5.0,1,5.0,1,-25.0,1,-25.0,0.36409903494926743,4.294853446674183,1.7421326746335966
9.36,1,10.0,1,10.0,1,5.0,1,5.0,1,-25.0,1,-25.0,0.4073403896590936,4.262854449724879,1.7425203440410686
9.399999999999999,1,10.0,1,10.0,1,5.0,1,5.0,1,-25.0,1,-25.0,0.437,4.241,1.742
9.439999999999998,1,10.0,1,10.0,1,5.0,1,5.0,1,-22.5,1,-22.5,0.437,4.241,1.742
9.479999999999997,1,10.0,1,10.0,1,5.0,1,5.0,1,-22.5,1,-22.5,0.4520298977734772,4.229795894387044,1.7414534582627827
9.520000000000003,1,10.0,0,,1,5.0,1,5.0,1,-22.5,1,-22.5,0.49099280656344385,4.200750816925433,1.7400366252158748
9.560000000000002,1,10.0,0,,1,5.0,1,5.0,1,-20.0,1,-20.0,0.5179462963148085,4.180300034279497,1.7395195130312073
9.600000000000001,1,10.0,0,,1,5.0,1,5.0,1,-20.0,1,-20.0,0.5445811039409674,4.160077309970747,1.7390262758529451
9.64,1,10.0,1,10.0,1,5.0,1,5.0,1,-17.5,1,-17.5,0.5738664708960624,4.138820831420093,1.739
9.68,1,10.0,1,10.0,1,5.0,1,5.0,1,-17.5,1,-17.5,0.603300984479311,4.117506183652913,1.739
9.719999999999999,1,10.0,1,10.0,1,5.0,1,5.0,1,-17.5,1,-17.5,0.6319131549198154,4.096065133810138,1.7380695615026729
9.759999999999998,1,10.0,1,10.0,1,5.0,1,5.0,1,-15.0,0,,0.6605053211613717,4.074621009128971,1.7371164892946211
9.799999999999997,1,10.0,1,10.0,1,5.0,1,5.0,1,-15.0,0,,0.664,4.072,1.737
9.840000000000003,1,10.0,1,10.0,1,5.0,1,5.0,1,-12.5,1,-12.5,0.664,4.072,1.737
9.880000000000003,1,10.0,1,10.0,1,5.0,1,5.0,1,-12.5,1,-12.5,0.6831161781681536,4.0591563177932715,1.737
9.920000000000002,1,10.0,1,10.0,1,5.0,1,5.0,1,-12.5,1,-12.5,0.7266979613108544,4.029874807244269,1.737
9.96,1,10.0,1,10.0,1,2.5,0,,1,-10.0,1,-10.0,0.7539189583843364,4.010431193993311,1.7366131498748607
10.0,1,12.5,1,12.5,1,2.5,0,,1,-10.0,1,-10.0,0.7806361119099853,3.9912905466913537,1.7362143863894033
10.04,1,12.5,1,12.5,1,2.5,0,,1,-10.0,1,-10.0,0.795,3.981,1.736
10.079999999999998,1,12.5,1,12.5,1,2.5,0,,1,-10.0,1,-10.0,0.795,3.981,1.736
10.119999999999997,1,12.5,1,12.5,1,2.5,0,,1,-10.0,1,-10.0,0.8570838790928916,3.933697996881606,1.7369854583983
10.159999999999997,1,12.5,1,12.5,1,0.0,0,,1,-10.0,1,-10.0,0.858,3.933,1.737
10.200000000000003,1,12.5,1,12.5,1,0.0,0,,1,-10.0,1,-10.0,0.8732480298727459,3.9189816499557013,1.7372459359656895
10.240000000000002,1,15.0,1,15.0,1,0.0,0,,1,-10.0,1,-10.0,0.916309629654164,3.879392759834075,1.7379404778976477
10.280000000000001,1,15.0,1,15.0,1,-2.5,1,-2.5,1,-10.0,1,-10.0,0.982,3.812,1.744
10.32,1,15.0,1,15.0,1,-2.5,1,-2.5,1,-10.0,1,-10.0,0.982,3.812,1.744
10.36,1,15.0,1,15.0,1,-5.0,1,-5.0,1,-10.0,1,-10.0,0.982,3.812,1.744
10.399999999999999,1,17.5,1,17.5,1,-5.0,1,-5.0,1,-10.0,1,-10.0,1.0156627297129865,3.7709200586553386,1.744570554740898
10.439999999999998,1,17.5,0,,1,-7.5,1,-7.5,1,-10.0,1,-10.0,1.041,3.74,1.745
10.479999999999997,1,17.5,0,,1,-7.5,1,-7.5,1,-10.0,1,-10.0,1.041,3.74,1.745
10.520000000000003,1,17.5,0,,1,-7.5,1,-7.5,1,-10.0,1,-10.0,1.095,3.66,1.744
10.560000000000002,1,17.5,1,17.5,1,-10.0,1,-10.0,1,-10.0,1,-10.0,1.095,3.66,1.744
10.600000000000001,1,17.5,1,17.5,1,-10.0,1,-10.0,1,-10.0,1,-10.0,1.1090611223370048,3.633074446588714,1.744897518447043
10.64,1,20.0,1,20.0,1,-12.5,1,-12.5,1,-10.0,1,-10.0,1.1388991346728727,3.575937827222158,1.746802072425928
10.68,1,20.0,1,20.0,1,-12.5,1,-12.5,1,-10.0,1,-10.0,1.1584112307054122,3.523110769413108,1.747468892305869
10.719999999999999,1,20.0,1,20.0,1,-12.5,1,-12.5,1,-10.0,1,-10.0,1.1767257690544284,3.470783516987348,1.7479921648301264
10.759999999999998,1,20.0,1,20.0,1,-12.5,1,-12.5,1,-10.0,1,-10.0,1.177,3.47,1.748
10.799999999999997,1,20.0,1,20.0,1,-12.5,1,-12.5,1,-10.0,1,-10.0,1.1803048042605286,3.4507219751469163,1.748183600236696
10.840000000000003,1,20.0,1,20.0,1,-15.0,1,-15.0,1,-10.0,1,-10.0,1.191543770092186,3.385161341128916,1.7488079872273437
10.880000000000003,1,20.0,1,20.0,1,-15.0,1,-15.0,1,-10.0,1,-10.0,1.2055084514303815,3.2972788685597645,1.7507514085717302
10.920000000000002,1,20.0,1,20.0,1,-15.0,1,-15.0,1,-10.0,1,-10.0,1.2106315356703297,3.1674571566499177,1.750646591811617
10.96,1,20.0,1,20.0,1,-17.5,1,-17.5,1,-10.0,1,-10.0,1.206,3.008,1.748
11.0,1,20.0,1,20.0,1,-17.5,1,-17.5,1,-10.0,1,-10.0,1.206,3.008,1.748
11.04,1,20.0,1,20.0,1,-17.5,1,-17.5,1,-7.5,1,-7.5,1.206,3.008,1.748
11.079999999999998,1,20.0,1,20.0,1,-17.5,1,-17.5,1,-7.5,1,-7.5,1.206,3.008,1.748
11.119999999999997,1,20.0,1,20.0,1,-17.5,1,-17.5,1,-7.5,1,-7.5,1.206,3.008,1.748
11.159999999999997,1,20.0,1,20.0,1,-17.5,1,-17.5,1,-7.5,1,-7.5,1.206,3.008,1.748
11.200000000000003,1,20.0,1,20.0,1,-20.0,1,-20.0,1,-7.5,1,-7.5,1.1963041599993542,2.9361367152893316,1.7474296564705503
11.240000000000002,1,20.0,1,20.0,1,-20.0,1,-20.0,1,-7.5,1,-7.5,1.1874698771109233,2.8662279640664394,1.747
11.280000000000001,1,20.0,1,20.0,1,-20.0,1,-20.0,1,-7.5,1,-7.5,1.183273450687559,2.822972491702533,1.747
11.32,1,20.0,1,20.0,1,-20.0,1,-20.0,1,-7.5,0,,1.179077024264195,2.779717019338627,1.747
11.36,1,20.0,1,20.0,1,-20.0,1,-20.0,1,-7.5,1,-7.5,1.1725813581850126,2.72778542231138,1.7468513633993485
11.399999999999999,1,20.0,1,20.0,1,-20.0,1,-20.0,1,-7.5,1,-7.5,1.1597655182950124,2.6520048038313773,1.7462941529693483
11.439999999999998,1,20.0,1,20.0,1,-22.5,1,-22.5,1,-7.5,1,-7.5,1.153,2.612,1.746
11.479999999999997,1,20.0,1,20.0,1,-22.5,1,-22.5,1,-7.5,1,-7.5,1.153,2.612,1.746
11.520000000000003,1,20.0,1,20.0,1,-22.5,1,-22.5,1,-7.5,1,-7.5,1.1419306044046633,2.541733401873081,1.746
11.560000000000002,1,20.0,1,20.0,1,-22.5,1,-22.5,1,-7.5,0,,1.123871862691728,2.4406120025800164,1.746
11.600000000000001,1,20.0,1,20.0,1,-25.0,1,-25.0,1,-7.5,1,-7.5,1.1104410643952731,2.384970123923275,1.746
11.64,1,20.0,1,20.0,1,-25.0,1,-25.0,1,-7.5,1,-7.5,1.0970102660988181,2.3293282452665327,1.746
11.68,1,20.0,1,20.0,1,-25.0,1,-25.0,1,-7.5,1,-7.5,1.0725676051006061,2.2452377606228016,1.7443069890641967
11.719999999999999,1,20.0,1,20.0,1,-25.0,1,-25.0,1,-7.5,1,-7.5,1.046186612867816,2.1561396925158305,1.7423159707824767
11.759999999999998,1,20.0,1,20.0,1,-27.5,1,-27.5,1,-7.5,1,-7.5,1.024111990826935,2.090891402362671,1.742
11.799999999999997,1,20.0,1,20.0,1,-27.5,1,-27.5,1,-7.5,1,-7.5,1.0028496962930569,2.0301419894087336,1.742
11.840000000000003,1,20.0,1,20.0,1,-27.5,1,-27.5,1,-7.5,1,-7.5,1.0,2.022,1.742
11.880000000000003,1,20.0,1,20.0,1,-27.5,1,-27.5,1,-5.0,0,,1.0,2.022,1.742
11.920000000000002,1,20.0,1,20.0,1,-30.0,1,-30.0,1,-5.0,0,,0.9536662772191701,1.9073850015421576,1.742
11.96,1,20.0,1,20.0,1,-30.0,1,-30.0,1,-5.0,0,,0.9093718723791702,1.8008291753950196,1.7417939700335094
12.0,1,20.0,1,20.0,1,-30.0,1,-30.0,1,-2.5,0,,0.8724810557024906,1.7171753516633943,1.7412743810662323
12.04,1,17.5,1,17.5,1,-30.0,1,-30.0,1,-2.5,0,,0.853,1.673,1.741
12.079999999999998,1,17.5,1,17.5,1,-30.0,1,-30.0,1,-2.5,0,,0.8525003251099658,1.6719694205393045,1.741012491872251
12.119999999999997,1,17.5,1,17.5,1,-32.5,1,-32.5,1,0.0,0,,0.8031388763846626,1.5701614325433668,1.7422465280903836
12.159999999999997,1,17.5,1,17.5,1,-32.5,1,-32.5,1,0.0,0,,0.7541565415337842,1.4708592702694876,1.7432730936009597
12.200000000000003,1,17.5,1,17.5,1,-32.5,1,-32.5,1,0.0,0,,0.70576861548493,1.3754859667529056,1.7439743678915227
12.240000000000002,1,15.0,1,15.0,1,-32.5,1,-32.5,1,2.5,0,,0.6625082057648487,1.294297185341444,1.7455087925176418
12.280000000000001,1,15.0,1,15.0,1,-32.5,1,-32.5,1,2.5,0,,0.6194423206884951,1.2136465278348183,1.7470748247022365
12.32,1,15.0,1,15.0,1,-32.5,1,-32.5,1,2.5,0,,0.594,1.166,1.748
12.36,1,15.0,1,15.0,1,-32.5,1,-32.5,1,5.0,1,5.0,0.594,1.166,1.748
12.399999999999999,1,15.0,0,,1,-32.5,1,-32.5,1,5.0,1,5.0,0.5599760878551563,1.1029662259211317,1.748
12.439999999999998,1,15.0,0,,1,-32.5,1,-32.5,1,5.0,1,5.0,0.5160530432386279,1.021593006421037,1.748
12.479999999999997,1,12.5,1,12.5,1,-32.5,1,-32.5,1,5.0,1,5.0,0.4618871877362776,0.9232719133036102,1.7487497537831056
12.520000000000003,1,12.5,1,12.5,1,-32.5,1,-32.5,1,5.0,1,5.0,0.4012207335006144,0.8141948541728219,1.7499753387171593
12.560000000000002,1,12.5,1,12.5,1,-32.5,1,-32.5,1,5.0,1,5.0,0.4,0.812,1.75
12.600000000000001,1,12.5,1,12.5,1,-32.5,1,-32.5,1,5.0,1,5.0,0.35921192345097547,0.7385814622117559,1.75
12.64,1,12.5,1,12.5,1,-30.0,1,-30.0,1,5.0,0,,0.31463126903229516,0.6583362842581313,1.75
12.68,1,10.0,0,,1,-30.0,1,-30.0,1,5.0,0,,0.27083103983193435,0.5810973048047482,1.750285970197726
12.719999999999999,1,10.0,0,,1,-27.5,1,-27.5,1,5.0,1,5.0,0.22741207425957483,0.5053269531196503,1.7507116463307884
12.759999999999998,1,10.0,1,10.0,1,-27.5,1,-27.5,1,5.0,1,5.0,0.17400620945389228,0.4140850961008675,1.7505515179337177
12.799999999999997,1,10.0,1,10.0,1,-25.0,0,,1,5.0,1,5.0,0.09962956567134407,0.2903557260700864,1.7491613002929225
12.840000000000003,1,10.0,1,10.0,1,-22.5,0,,1,5.0,0,,0.091,0.276,1.749
12.880000000000003,1,10.0,1,10.0,1,-22.5,0,,1,5.0,0,,0.091,0.276,1.749
12.920000000000002,1,7.5,1,7.5,1,-20.0,1,-20.0,1,5.0,0,,0.091,0.276,1.749
12.96,1,7.5,1,7.5,1,-17.5,1,-17.5,1,5.0,0,,-0.0007684341744154388,0.1285847493581199,1.7470474801239486
13.0,1,7.5,1,7.5,1,-15.0,0,,1,5.0,0,,-0.041371052175257876,0.06437373756309256,1.7454651579129898
13.04,1,7.5,1,7.5,1,-15.0,0,,1,5.0,0,,-0.08068460518237588,0.002258323811846097,1.743892615792705
13.079999999999998,1,7.5,0,,1,-12.5,1,-12.5,1,5.0,1,5.0,-0.12112553743764133,-0.06306706798479328,1.7432132416169135
13.119999999999997,1,7.5,0,,1,-10.0,1,-10.0,1,5.0,1,5.0,-0.16304650727998815,-0.13260655913503916,1.7437064294974116
13.159999999999997,1,7.5,0,,1,-10.0,1,-10.0,1,5.0,1,5.0,-0.188,-0.174,1.744
13.200000000000003,1,5.0,1,5.0,1,-7.5,0,,1,5.0,1,5.0,-0.18908682935238266,-0.17567552858492327,1.744
13.240000000000002,1,5.0,1,5.0,1,-7.5,1,-7.5,1,5.0,1,5.0,-0.25218452054204504,-0.27295113583565284,1.744
13.280000000000001,1,5.0,1,5.0,1,-5.0,1,-5.0,1,5.0,1,5.0,-0.31760691717171907,-0.3714409454545483,1.7443231434343436
13.32,1,5.0,1,5.0,1,-5.0,1,-5.0,1,5.0,1,5.0,-0.38539364848484897,-0.4711656559440566,1.7449749389277391
13.36,1,2.5,0,,1,-5.0,1,-5.0,1,5.0,1,5.0,-0.46091319985829876,-0.5761588538574596,1.745656875674399
13.399999999999999,1,2.5,0,,1,-5.0,1,-5.0,1,7.5,0,,-0.499,-0.629,1.746
13.439999999999998,1,0.0,0,,1,-5.0,1,-5.0,1,7.5,1,7.5,-0.499,-0.629,1.746
13.479999999999997,1,0.0,0,,1,-5.0,1,-5.0,1,7.5,1,7.5,-0.499,-0.629,1.746
13.520000000000003,1,-2.5,1,-2.5,1,-5.0,1,-5.0,1,10.0,1,10.0,-0.5751831098390714,-0.7284254145357373,1.7479368587247222
13.560000000000002,1,-5.0,1,-5.0,1,-5.0,1,-5.0,1,10.0,1,10.0,-0.6584289718197607,-0.8323960817850992,1.749637368797227
13.600000000000001,1,-5.0,1,-5.0,1,-5.0,1,-5.0,1,10.0,1,10.0,-0.747,-0.938,1.751
13.64,1,-7.5,1,-7.5,1,-5.0,1,-5.0,1,10.0,1,10.0,-0.747,-0.938,1.751
13.68,1,-10.0,1,-10.0,1,-5.0,0,,1,12.5,1,12.5,-0.747,-0.938,1.751
13.719999999999999,1,-12.5,0,,1,-5.0,0,,1,12.5,1,12.5,-0.8206630786727055,-1.017676391217416,1.7545077656510812
13.759999999999998,1,-15.0,1,-15.0,1,-5.0,0,,1,15.0,0,,-0.894,-1.097,1.758
13.799999999999997,1,-17.5,1,-17.5,1,-5.0,0,,1,15.0,0,,-0.894,-1.097,1.758
13.840000000000003,1,-17.5,1,-17.5,1,-5.0,0,,1,17.5,1,17.5,-0.995226007154455,-1.1880397422835665,1.7624564908810136
13.880000000000003,1,-20.0,1,-20.0,1,-5.0,0,,1,17.5,1,17.5,-1.053,-1.24,1.765
13.920000000000002,1,-22.5,1,-22.5,1,-5.0,0,,1,17.5,1,17.5,-1.1125107506155405,-1.2835020106838748,1.766392064341884
13.96,1,-22.5,0,,1,-5.0,0,,1,20.0,1,20.0,-1.2259407613239888,-1.3658490830792451,1.7688787024172505
14.0,1,-25.0,1,-25.0,1,-5.0,1,-5.0,1,20.0,1,20.0,-1.3103199321032282,-1.4027649702951623,1.7636050042435483
14.04,1,-25.0,1,-25.0,1,-5.0,1,-5.0,1,22.5,1,22.5,-1.3946991028824676,-1.4396808575110795,1.7583313060698458
14.079999999999998,1,-27.5,1,-27.5,1,-5.0,1,-5.0,1,22.5,1,22.5,-1.4811515801796309,-1.4583209881925514,1.7552798353012413
14.119999999999997,1,-27.5,1,-27.5,1,-5.0,0,,1,22.5,1,22.5,-1.5677430385652238,-1.475736030102503,1.7523773283162496
14.159999999999997,1,-27.5,1,-27.5,1,-5.0,0,,1,22.5,1,22.5,-1.579,-1.478,1.752
14.200000000000003,1,-27.5,1,-27.5,1,-5.0,0,,1,25.0,1,25.0,-1.657782976217087,-1.4722783313361893,1.749359229847472
14.240000000000002,1,-27.5,1,-27.5,1,-5.0,0,,1,25.0,1,25.0,-1.758,-1.465,1.746
14.280000000000001,1,-30.0,0,,1,-5.0,1,-5.0,1,25.0,1,25.0,-1.7593171893709676,-1.4645931195136803,1.7460137925588584
14.32,1,-30.0,1,-30.0,1,-5.0,1,-5.0,1,25.0,1,25.0,-1.8683865958699664,-1.430901522741738,1.7471558805850258
14.36,1,-30.0,1,-30.0,1,-5.0,1,-5.0,1,27.5,1,27.5,-1.9662481865234496,-1.3999922046940794,1.7485813995457342
14.399999999999999,1,-30.0,1,-30.0,1,-5.0,0,,1,27.5,1,27.5,-2.0323590000841207,-1.3769648426673287,1.7508098539354198
14.439999999999998,1,-30.0,1,-30.0,1,-5.0,0,,1,27.5,1,27.5,-2.098469813644792,-1.353937480640578,1.7530383083251053
14.479999999999997,1,-30.0,1,-30.0,1,-5.0,0,,1,30.0,1,30.0,-2.127,-1.344,1.754
14.520000000000003,1,-30.0,1,-30.0,1,-5.0,0,,1,30.0,1,30.0,-2.2017870995550126,-1.315553373175394,1.7553764496850615
14.560000000000002,1,-32.5,1,-32.5,1,-5.0,0,,1,30.0,1,30.0,-2.3235152442155718,-1.26630789143664,1.7566125405292996
14.600000000000001,1,-32.5,1,-32.5,1,-5.0,1,-5.0,1,30.0,1,30.0,-2.407345356712718,-1.2270579543715021,1.7556434062807778
14.64,1,-32.5,1,-32.5,1,-5.0,1,-5.0,1,32.5,0,,-2.485893503817628,-1.1882654885014445,1.7547138312022796
14.68,1,-32.5,1,-32.5,1,-5.0,1,-5.0,1,32.5,0,,-2.5540082523668266,-1.1503766596209528,1.7538623968454146
14.719999999999999,1,-32.5,1,-32.5,1,-5.0,1,-5.0,1,32.5,0,,-2.6221230009160257,-1.1124878307404609,1.7530109624885495
14.759999999999998,1,-35.0,1,-35.0,1,-5.0,1,-5.0,1,32.5,1,32.5,-2.623,-1.112,1.753
14.799999999999997,1,-35.0,1,-35.0,1,-5.0,1,-5.0,1,32.5,1,32.5,-2.6544095479625693,-1.0929044225454836,1.7519292199558214
14.840000000000003,1,-35.0,1,-35.0,1,-5.0,1,-5.0,1,32.5,1,32.5,-2.7464056602351086,-1.0369749679252465,1.7487929888556213
14.880000000000003,1,-35.0,1,-35.0,1,-5.0,1,-5.0,1,35.0,0,,-2.855536492781383,-0.9688983841275505,1.7452970935909222
14.920000000000002,1,-35.0,1,-35.0,1,-5.0,1,-5.0,1,35.0,0,,-2.9765953357432005,-0.8916831571246113,1.7416279571419293
14.96,1,-35.0,1,-35.0,1,-5.0,1,-5.0,1,35.0,1,35.0,-3.0445045846879815,-0.8488313315872629,1.7394490507586744
15.0,1,-35.0,1,-35.0,1,-5.0,1,-5.0,1,35.0,1,35.0,-3.112413833632763,-0.8059795060499145,1.7372701443754193
15.04,1,-35.0,1,-35.0,1,-5.0,1,-5.0,1,35.0,1,35.0,-3.152,-0.781,1.736
15.079999999999998,1,-35.0,1,-35.0,1,-5.0,1,-5.0,1,35.0,1,35.0,-3.152,-0.781,1.736
15.119999999999997,1,-35.0,1,-35.0,1,-5.0,1,-5.0,1,35.0,1,35.0,-3.261415407862333,-0.7130869882233796,1.7328558790844157
15.159999999999997,1,-35.0,1,-35.0,1,-5.0,1,-5.0,1,35.0,1,35.0,-3.326,-0.673,1.731
15.200000000000003,1,-35.0,1,-35.0,1,-5.0,1,-5.0,1,37.5,1,37.5,-3.329919246408471,-0.6705865693168891,1.7309174895492954
15.240000000000002,1,-32.5,1,-32.5,1,-5.0,1,-5.0,1,35.0,1,35.0,-3.459796080476542,-0.5906097820223398,1.7281832404110202
15.280000000000001,1,-32.5,1,-32.5,1,-5.0,1,-5.0,1,35.0,1,35.0,-3.619726271428018,-0.4932323075461227,1.724872281611733
15.32,1,-32.5,1,-32.5,1,-5.0,0,,1,35.0,1,35.0,-3.711,-0.438,1.723
15.36,1,-32.5,1,-32.5,1,-5.0,1,-5.0,1,35.0,1,35.0,-3.711,-0.438,1.723
15.399999999999999,1,-30.0,1,-30.0,1,-5.0,1,-5.0,1,35.0,1,35.0,-3.778472261448196,-0.39996008305184017,1.7224446727452825
15.439999999999998,1,-30.0,1,-30.0,1,-5.0,1,-5.0,1,35.0,1,35.0,-3.9079030734259446,-0.326988802224879,1.721379398572626
15.479999999999997,1,-30.0,1,-30.0,1,-5.0,1,-5.0,1,32.5,0,,-3.954,-0.301,1.721
15.520000000000003,1,-27.5,1,-27.5,1,-5.0,1,-5.0,1,32.5,0,,-4.129525451363469,-0.19644171226057505,1.7172150846067178
15.560000000000002,1,-27.5,1,-27.5,1,-5.0,0,,1,32.5,0,,-4.325,-0.08,1.713
15.600000000000001,1,-25.0,1,-25.0,1,-5.0,0,,1,30.0,0,,-4.325,-0.08,1.713
15.64,1,-25.0,1,-25.0,1,-5.0,0,,1,30.0,0,,-4.325,-0.08,1.713
15.68,1,-22.5,1,-22.5,1,-5.0,0,,1,30.0,1,30.0,-4.325,-0.08,1.713
15.719999999999999,1,-20.0,1,-20.0,1,-5.0,0,,1,27.5,1,27.5,-4.4171918983836145,-0.020691836071687487,1.7106511618246214
15.759999999999998,1,-20.0,1,-20.0,1,-5.0,0,,1,27.5,1,27.5,-4.482,0.021,1.709
15.799999999999997,1,-17.5,1,-17.5,1,-2.5,0,,1,25.0,1,25.0,-4.482897985247019,0.02162726910637395,1.708980191501904
15.840000000000003,1,-17.5,1,-17.5,1,-2.5,0,,1,25.0,1,25.0,-4.5556018384182835,0.07241304889512439,1.7073764300348908
15.880000000000003,1,-15.0,1,-15.0,1,-2.5,0,,1,22.5,1,22.5,-4.632500240842272,0.1267501785554769,1.7054999916950941
15.920000000000002,1,-15.0,1,-15.0,1,-2.5,0,,1,22.5,1,22.5,-4.734474383212458,0.20237849724398235,1.7019949533700802
15.96,1,-12.5,1,-12.5,1,0.0,0,,1,20.0,1,20.0,-4.7954765417657885,0.25105043225993723,1.701345994236534
16.0,1,-12.5,1,-12.5,1,0.0,0,,1,17.5,0,,-4.828,0.277,1.701
16.04,1,-12.5,0,,1,0.0,0,,1,17.5,1,17.5,-4.828,0.277,1.701
16.08,1,-10.0,1,-10.0,1,0.0,0,,1,15.0,1,15.0,-4.828,0.277,1.701
16.119999999999997,1,-10.0,1,-10.0,1,2.5,0,,1,15.0,1,15.0,-4.859242496992377,0.3057229407833142,1.7040234674508752
16.159999999999997,1,-7.5,1,-7.5,1,2.5,0,,1,12.5,1,12.5,-4.903736332570418,0.35075162508587565,1.7073350325017176
16.200000000000003,1,-7.5,1,-7.5,1,2.5,0,,1,12.5,1,12.5,-4.931255222331323,0.38443191471454746,1.708
16.240000000000002,1,-7.5,1,-7.5,1,5.0,1,5.0,1,10.0,1,10.0,-4.94145318408379,0.4016900038341057,1.708
16.28,1,-7.5,1,-7.5,1,5.0,1,5.0,1,10.0,1,10.0,-4.951651145836256,0.4189480929536639,1.708
16.32,1,-7.5,1,-7.5,1,5.0,1,5.0,1,10.0,1,10.0,-4.957,0.428,1.708
16.36,1,-7.5,1,-7.5,1,5.0,1,5.0,1,7.5,1,7.5,-4.957,0.428,1.708
16.4,1,-7.5,1,-7.5,1,7.5,1,7.5,1,7.5,1,7.5,-4.959834690954849,0.4382484980675307,1.707781946849627
16.439999999999998,1,-7.5,1,-7.5,1,7.5,0,,1,7.5,1,7.5,-4.966369244929142,0.4618734239745919,1.7072792888516044
16.479999999999997,1,-7.5,1,-7.5,1,7.5,0,,1,5.0,1,5.0,-4.969774708481153,0.4867151589800597,1.7072252915188473
16.520000000000003,1,-7.5,1,-7.5,1,7.5,1,7.5,1,5.0,1,5.0,-4.969267724478881,0.5130783270982306,1.7077322755211197
16.560000000000002,1,-7.5,0,,1,7.5,1,7.5,1,5.0,1,5.0,-4.964510711187467,0.5503443018251741,1.7093467866437602
16.6,1,-7.5,0,,1,7.5,1,7.5,1,5.0,1,5.0,-4.959,0.579,1.711
16.64,1,-7.5,0,,1,7.5,1,7.5,1,5.0,1,5.0,-4.959,0.579,1.711
16.68,1,-7.5,0,,1,10.0,1,10.0,1,5.0,1,5.0,-4.959,0.579,1.711
16.72,1,-7.5,0,,1,10.0,1,10.0,1,5.0,1,5.0,-4.95055898224874,0.5999015677650231,1.7114019532262505
16.759999999999998,1,-7.5,0,,1,10.0,1,10.0,1,5.0,1,5.0,-4.9396613501350135,0.6268861806180605,1.7119208880888088
16.799999999999997,1,-7.5,1,-7.5,1,10.0,1,10.0,1,5.0,1,5.0,-4.922057940467516,0.6659498997442911,1.7107736877282704
16.840000000000003,1,-7.5,1,-7.5,1,12.5,1,12.5,1,5.0,1,5.0,-4.912,0.688,1.71
16.880000000000003,1,-7.5,1,-7.5,1,12.5,1,12.5,1,5.0,1,5.0,-4.912,0.688,1.71
16.92,1,-7.5,1,-7.5,1,12.5,1,12.5,1,5.0,1,5.0,-4.899120300322579,0.7081451712903243,1.7096697512903225
16.96,1,-7.5,1,-7.5,1,12.5,1,12.5,1,5.0,1,5.0,-4.872817871812588,0.749295958304545,1.7089908935906295
17.0,1,-7.5,1,-7.5,1,12.5,1,12.5,1,5.0,1,5.0,-4.854562817925129,0.7789604208716656,1.7080781408962564
17.04,1,-7.5,0,,1,15.0,1,15.0,1,5.0,1,5.0,-4.83630776403767,0.8086248834387864,1.7071653882018836
17.08,1,-7.5,0,,1,15.0,1,15.0,1,5.0,1,5.0,-4.819978667172207,0.8400426656555866,1.7076853333067261
17.119999999999997,1,-7.5,1,-7.5,1,15.0,1,15.0,1,5.0,1,5.0,-4.804075775420813,0.8718484491583748,1.708522327609431
17.159999999999997,1,-7.5,1,-7.5,1,15.0,1,15.0,1,5.0,1,5.0,-4.785078715944687,0.9063916867000824,1.708784319911841
17.200000000000003,1,-7.5,1,-7.5,1,15.0,1,15.0,1,7.5,1,7.5,-4.761968357379423,0.9445740182426916,1.708281920812596
17.240000000000002,1,-7.5,1,-7.5,1,15.0,1,15.0,1,7.5,1,7.5,-4.749,0.966,1.708
17.28,1,-7.5,1,-7.5,1,15.0,1,15.0,1,7.5,1,7.5,-4.749,0.966,1.708
17.32,1,-7.5,1,-7.5,1,15.0,1,15.0,1,7.5,1,7.5,-4.716630603788038,1.0093518699267352,1.7074219750676436
17.36,1,-7.5,0,,1,15.0,1,15.0,1,7.5,1,7.5,-4.693,1.041,1.707
17.4,1,-7.5,0,,1,15.0,1,15.0,1,7.5,0,,-4.693,1.041,1.707
17.439999999999998,1,-7.5,0,,1,15.0,1,15.0,1,7.5,0,,-4.677230241145147,1.061935714341787,1.7067281076059508
17.479999999999997,1,-7.5,0,,1,15.0,1,15.0,1,7.5,0,,-4.634837159454375,1.1182580869024996,1.706
17.520000000000003,1,-7.5,0,,1,15.0,1,15.0,1,7.5,0,,-4.601957808764201,1.1703687559208888,1.706
17.560000000000002,1,-7.5,0,,1,15.0,1,15.0,1,7.5,1,7.5,-4.5663694140981494,1.224403839792652,1.7054789804699382
17.6,1,-7.5,0,,1,15.0,1,15.0,1,7.5,1,7.5,-4.526596798855773,1.2814112549733916,1.7041532266285258
17.64,1,-7.5,0,,1,15.0,1,15.0,1,7.5,1,7.5,-4.504343175513068,1.3126586686800261,1.704
17.68,1,-7.5,0,,1,15.0,1,15.0,1,7.5,1,7.5,-4.484378945571602,1.3405397484258663,1.704
17.72,1,-7.5,0,,1,15.0,1,15.0,1,7.5,1,7.5,-4.464414715630136,1.3684208281717065,1.704
17.759999999999998,1,-7.5,1,-7.5,1,15.0,1,15.0,1,7.5,1,7.5,-4.442188332179539,1.39977003138958,1.7043894940682225
17.799999999999997,1,-7.5,1,-7.5,1,15.0,1,15.0,1,7.5,1,7.5,-4.419913960303087,1.4311928060010028,1.7047872507088735
17.840000000000003,1,-7.5,1,-7.5,1,15.0,1,15.0,1,7.5,0,,-4.408,1.448,1.705
17.880000000000003,1,-7.5,1,-7.5,1,15.0,1,15.0,1,10.0,1,10.0,-4.408,1.448,1.705
17.92,1,-7.5,1,-7.5,1,15.0,1,15.0,1,10.0,1,10.0,-4.384131236541597,1.485180189233282,1.7059180293637848
17.96,1,-7.5,0,,1,15.0,0,,1,10.0,1,10.0,-4.34828777258026,1.540795171347837,1.7068487798545149
18.0,1,-7.5,0,,1,15.0,0,,1,10.0,1,10.0,-4.328867715248697,1.5704964355019915,1.7064679944166412
18.04,1,-7.5,1,-7.5,1,15.0,0,,1,10.0,1,10.0,-4.309447657917135,1.6001976996561462,1.7060872089787673
18.08,1,-7.5,1,-7.5,1,15.0,0,,1,10.0,1,10.0,-4.284194961676204,1.637146075938562,1.707273777856559
18.119999999999997,1,-7.5,1,-7.5,1,15.0,0,,1,10.0,1,10.0,-4.257209638492522,1.6762472585108348,1.708925940500458
18.159999999999997,1,-7.5,1,-7.5,1,15.0,1,15.0,1,10.0,1,10.0,-4.256,1.678,1.709
18.200000000000003,1,-5.0,1,-5.0,1,15.0,1,15.0,1,10.0,1,10.0,-4.256,1.678,1.709
18.240000000000002,1,-5.0,1,-5.0,1,15.0,1,15.0,1,10.0,1,10.0,-4.220064889807213,1.7294243818276103,1.7102391417307858
18.28,1,-5.0,1,-5.0,1,15.0,1,15.0,1,10.0,1,10.0,-4.183892720770515,1.7808044496875466,1.7104574123373275
18.32,1,-2.5,1,-2.5,1,15.0,1,15.0,1,10.0,1,10.0,-4.147907189308474,1.831322599624642,1.7090733534349414
18.36,1,-2.5,1,-2.5,1,15.0,1,15.0,1,7.5,1,7.5,-4.146,1.834,1.709
18.4,1,-2.5,1,-2.5,1,15.0,1,15.0,1,7.5,1,7.5,-4.146,1.834,1.709
18.439999999999998,1,0.0,0,,1,15.0,1,15.0,1,7.5,1,7.5,-4.129464170832506,1.85831739583455,1.7083515361110788
18.479999999999997,1,0.0,0,,1,15.0,0,,1,5.0,1,5.0,-4.096073549293468,1.9074212510390165,1.707042099972293
18.520000000000003,1,0.0,0,,1,15.0,0,,1,5.0,1,5.0,-4.095,1.909,1.707
18.560000000000002,1,2.5,0,,1,15.0,0,,1,2.5,0,,-4.043554389629232,1.9816846238265886,1.706056043846408
18.6,1,2.5,0,,1,15.0,1,15.0,1,2.5,0,,-3.986,2.063,1.705
18.64,1,2.5,0,,1,15.0,1,15.0,1,2.5,0,,-3.986,2.063,1.705
18.68,1,5.0,1,5.0,1,15.0,1,15.0,1,0.0,0,,-3.986,2.063,1.705
18.72,1,5.0,1,5.0,1,15.0,1,15.0,1,0.0,0,,-3.986,2.063,1.705
18.759999999999998,1,5.0,1,5.0,1,15.0,1,15.0,1,0.0,0,,-3.9335208005201334,2.1323792806682986,1.7032210440854283
18.799999999999997,1,5.0,1,5.0,1,15.0,1,15.0,1,-2.5,0,,-3.927,2.141,1.703
18.840000000000003,1,5.0,1,5.0,1,15.0,1,15.0,1,-2.5,0,,-3.9126542571102005,2.1583537212376607,1.7032313829498356
18.880000000000003,1,5.0,0,,1,15.0,1,15.0,1,-5.0,1,-5.0,-3.8816147278711597,2.195901538865533,1.7037320205182072
18.92,1,5.0,1,5.0,1,15.0,1,15.0,1,-5.0,1,-5.0,-3.837712412305953,2.2468085667513438,1.7031197552356758
18.96,1,5.0,1,5.0,1,15.0,1,15.0,1,-5.0,1,-5.0,-3.803,2.286,1.702
19.0,1,5.0,1,5.0,1,15.0,1,15.0,1,-5.0,1,-5.0,-3.803,2.286,1.702
19.04,1,5.0,1,5.0,1,15.0,1,15.0,1,-7.5,1,-7.5,-3.803,2.286,1.702
19.08,1,5.0,1,5.0,1,15.0,1,15.0,1,-7.5,1,-7.5,-3.7621429359159415,2.327495455710372,1.7013616083736867
19.119999999999997,1,5.0,1,5.0,1,15.0,1,15.0,1,-7.5,1,-7.5,-3.713994721208865,2.3699229136797775,1.701
19.159999999999997,1,5.0,1,5.0,1,15.0,1,15.0,1,-7.5,1,-7.5,-3.6659654287383354,2.4062694052790974,1.701
19.200000000000003,1,5.0,1,5.0,1,15.0,1,15.0,1,-10.0,1,-10.0,-3.665,2.407,1.701
19.240000000000002,1,7.5,1,7.5,1,15.0,1,15.0,1,-10.0,1,-10.0,-3.642406716270906,2.4201794155086382,1.701
19.28,1,7.5,1,7.5,1,15.0,1,15.0,1,-10.0,1,-10.0,-3.5840864401645365,2.4541995765706868,1.701
19.32,1,7.5,1,7.5,1,15.0,1,15.0,1,-10.0,1,-10.0,-3.579537961451334,2.456660275473591,1.701
19.36,1,7.5,1,7.5,1,15.0,1,15.0,1,-10.0,1,-10.0,-3.493540315598597,2.4954979219877305,1.701
19.4,1,7.5,1,7.5,1,15.0,1,15.0,1,-12.5,1,-12.5,-3.452202808469597,2.5103052845885765,1.701372887411775
19.439999999999998,1,7.5,1,7.5,1,15.0,1,15.0,1,-12.5,1,-12.5,-3.4139406117246858,2.5234579147196396,1.7017714519612013
19.479999999999997,1,7.5,1,7.5,1,15.0,1,15.0,1,-12.5,1,-12.5,-3.392,2.531,1.702
19.520000000000003,1,10.0,1,10.0,1,15.0,1,15.0,1,-12.5,1,-12.5,-3.392,2.531,1.702
19.560000000000002,1,10.0,1,10.0,1,15.0,1,15.0,1,-15.0,1,-15.0,-3.3256322446076085,2.546928261294174,1.7039910326617718
19.6,1,10.0,1,10.0,1,15.0,1,15.0,1,-15.0,1,-15.0,-3.262602375642473,2.5592673970841573,1.7057112328473596
19.64,1,10.0,1,10.0,1,15.0,1,15.0,1,-15.0,1,-15.0,-3.203947893076352,2.567781757456659,1.7071302929094432
19.68,1,10.0,1,10.0,1,15.0,1,15.0,1,-15.0,1,-15.0,-3.168,2.573,1.708
19.72,1,10.0,1,10.0,1,15.0,1,15.0,1,-15.0,1,-15.0,-3.168,2.573,1.708
19.759999999999998,1,10.0,1,10.0,1,15.0,1,15.0,1,-15.0,0,,-3.168,2.573,1.708
19.799999999999997,1,10.0,1,10.0,1,15.0,1,15.0,1,-15.0,0,,-3.069593141398844,2.5793197065156708,1.7098056304330487
19.840000000000003,1,10.0,1,10.0,1,15.0,1,15.0,1,-15.0,1,-15.0,-3.0005131184228495,2.580562373861319,1.7111247477226375
19.880000000000003,1,10.0,1,10.0,1,15.0,0,,1,-15.0,1,-15.0,-2.942159535453904,2.580614786063617,1.712128404645461
19.92,1,10.0,1,10.0,1,12.5,1,12.5,1,-15.0,1,-15.0,-2.8986771088459156,2.579310313265377,1.712563228911541
19.96,1,10.0,1,10.0,1,12.5,1,12.5,1,-15.0,1,-15.0,-2.8551946822379275,2.5780058404671378,1.7129980531776208
20.0,1,10.0,1,10.0,1,12.5,1,12.5,1,-15.0,1,-15.0,-2.823820549257757,2.575772896375554,1.7123636846787298
