time_s,x_m,y_m,z_m
0.04,-0.6911639872227363,-1.64,1.3271639872227363
0.08,-0.6937299012838801,-1.6398175246790299,1.329
0.12,-0.6964651311188098,-1.6391337172202975,1.329
0.16,-0.697,-1.639,1.329
0.2,-0.697,-1.639,1.329
0.24,-0.698107176348036,-1.6384464118259818,1.331214352696072
0.28,-0.6992455271183352,-1.6378772364408323,1.3328772364408323
0.32,-0.7001315018390458,-1.637434249080477,1.332434249080477
0.36,-0.701,-1.637,1.3320443749580981
0.4,-0.701,-1.637,1.3342939647890157
0.44,-0.7009275577166731,-1.637,1.3360724422833268
0.48,-0.7006277434608023,-1.637,1.3363722565391978
0.52,-0.7003279292049315,-1.637,1.3366720707950686
0.56,-0.7000281149490606,-1.637,1.3369718850509393
0.6,-0.7,-1.637,1.337
0.64,-0.700804238509442,-1.637,1.3378042385094422
0.68,-0.700778165903707,-1.637,1.338443668192586
0.72,-0.7004895449939702,-1.637,1.3390209100120596
0.76,-0.7002009240842334,-1.637,1.3395981518315332
0.8,-0.7,-1.637,1.34
0.84,-0.7,-1.637,1.34
0.88,-0.7,-1.637,1.34
0.92,-0.7,-1.6365501658421016,1.3395501658421016
0.96,-0.7,-1.636063056465287,1.339063056465287
1,-0.7003426551114156,-1.6353146897771687,1.3400279653342468
1.04,-0.7007362628741419,-1.634527474251716,1.3412087886224258
1.08,-0.701,-1.634,1.342
1.12,-0.701,-1.634,1.342
1.16,-0.7001195998123109,-1.6322391996246217,1.3411195998123109
1.2,-0.6988043834761507,-1.6314021917380754,1.3415978082619247
1.24,-0.698,-1.631,1.342
1.28,-0.698,-1.631,1.342
1.32,-0.697540822204131,-1.6307704111020656,1.3415408222041312
1.36,-0.6962702781953464,-1.630135139097673,1.3402702781953464
1.4,-0.696,-1.63,1.34
1.44,-0.6948112149338145,-1.6296037383112714,1.3403962616887286
1.48,-0.6923012113476663,-1.629,1.3411746971630834
1.52,-0.6904512235046988,-1.629,1.3416371941238254
1.56,-0.689,-1.629,1.342
1.6,-0.689,-1.629,1.342
1.64,-0.6879092551794249,-1.627909255179425,1.3441814896411504
1.68,-0.6875277935490187,-1.6263666477411776,1.3462111174196076
1.72,-0.6900939332387058,-1.623287280113553,1.3472375732954824
1.76,-0.6934701165771987,-1.61983938164958,1.348
1.8,-0.6991854312567459,-1.6153272911130954,1.348
1.84,-0.7049007459362931,-1.6108152005766108,1.348
1.88,-0.7106160606158403,-1.6063031100401262,1.348
1.92,-0.711,-1.606,1.348
1.96,-0.7250556387948989,-1.5945335578252142,1.3465204590742212
2,-0.766363481763445,-1.560997192126254,1.3423196630551506
2.04,-0.8098265006455604,-1.5259463704471288,1.3381135644536555
2.08,-0.811,-1.525,1.338
2.12,-0.811,-1.525,1.338
2.16,-0.857786467589221,-1.4863739628042478,1.3331037417639187
2.2,-0.9353157881313249,-1.4233473694949401,1.3270842105934337
2.24,-0.997,-1.374,1.324
2.28,-0.997,-1.374,1.324
2.32,-1.0369216058400585,-1.3401681306440183,1.3219700878386411
2.36,-1.115,-1.274,1.318
2.4,-1.115,-1.274,1.318
2.44,-1.2301088304933712,-1.1704987826656241,1.3141307956136683
2.48,-1.2886144423278407,-1.116252066863511,1.3120667454043242
2.52,-1.345043191732546,-1.0638182731688732,1.3100692675492904
2.56,-1.347,-1.062,1.31
2.6,-1.3610969291127522,-1.0490196593318224,1.3094417057777128
2.64,-1.4436808809610842,-0.9729770106001898,1.306171054219363
2.68,-1.4935397816064064,-0.9278876971608832,1.3110599757340453
2.72,-1.5238789352597095,-0.9002318914619966,1.3154407473821779
2.76,-1.5325112076455256,-0.8918462554300609,1.318647019982624
2.8,-1.5411434800313417,-0.8834606193981251,1.3218532925830697
2.84,-1.549775752417158,-0.8750749833661894,1.3250595651835158
2.88,-1.556542556520164,-0.8676004676353004,1.3302565082092352
2.92,-1.560449737019834,-0.8615226313024802,1.3385050003752055
2.96,-1.564540903678405,-0.855459096321595,1.3460832159505238
3,-1.5704621829347423,-0.8495378170652578,1.3469941819899605
3.04,-1.5763834621910793,-0.8436165378089205,1.3479051480293969
3.08,-1.577,-0.843,1.348
3.12,-1.577,-0.843,1.348
3.16,-1.5862684178610806,-0.8352145289966922,1.341326739140022
3.2,-1.6066556722333403,-0.8189738130483288,1.3279049474949969
3.24,-1.6212218198550958,-0.8095058170941878,1.3213501810652069
3.28,-1.6311909542591085,-0.8030258797315795,1.320080904574089
3.32,-1.6409006374845547,-0.7967145856350394,1.3191099362515444
3.36,-1.642,-0.796,1.319
3.4,-1.642,-0.796,1.319
3.44,-1.642,-0.796,1.319
3.48,-1.6691928756659968,-0.7641186974950384,1.319937685367793
3.52,-1.6847228221903727,-0.7473307762792566,1.3209464015303707
3.56,-1.6993110932674491,-0.7317364175416924,1.3219524891908587
3.6,-1.7,-0.731,1.322
3.64,-1.7134766759516142,-0.7223899014753575,1.3227487042195343
3.68,-1.7458135189427313,-0.7013758747136563,1.3236319930396476
3.72,-1.7753768951541853,-0.681420595770925,1.322523366431718
3.76,-1.8049402713656386,-0.661465316828194,1.3214147398237885
3.8,-1.816,-0.654,1.321
3.84,-1.816,-0.654,1.321
3.88,-1.816,-0.654,1.321
3.92,-1.826935029648404,-0.6462654668340558,1.321
3.96,-1.8540909879906198,-0.6270575938602932,1.321
4,-1.8820317686696797,-0.608118109501844,1.3198357316897822
4.04,-1.9,-0.596,1.319
4.08,-1.9,-0.596,1.319
4.12,-1.9,-0.596,1.319
4.16,-1.9145723725554464,-0.5858332284496885,1.3193388923850105
4.2,-1.9521497631815872,-0.5588835175254323,1.3204066561414038
4.24,-1.9849857439229657,-0.5333444213932489,1.321866033063243
4.28,-1.988,-0.531,1.322
4.32,-1.988,-0.531,1.322
4.36,-2.0209299499992115,-0.5046560400006307,1.323013229230745
4.4,-2.0658501515538843,-0.468680938903699,1.323805300734032
4.44,-2.116396852791879,-0.42809040609137017,1.3230394416243654
4.48,-2.119,-0.426,1.323
4.52,-2.119,-0.426,1.323
4.56,-2.1372583346229708,-0.4117495924893889,1.32233201214794
4.6,-2.198791126994279,-0.3637239984434897,1.3200808124270387
4.64,-2.2621276977921148,-0.31410613368865237,1.3193698175485349
4.68,-2.3299621740735645,-0.2606714846964205,1.3208091796645414
4.72,-2.4035697236299454,-0.20234097372721305,1.3249756447337706
4.76,-2.477177273186326,-0.14401046275800558,1.3291421098029996
4.8,-2.5507848227427075,-0.08567995178879811,1.3333085748722289
4.84,-2.563,-0.076,1.334
4.88,-2.563,-0.076,1.334
4.92,-2.563,-0.076,1.334
4.96,-2.647170406612247,-0.008907646903281455,1.3468085401366463
5,-2.732289680856479,0.05860016288026604,1.3603947725614618
5.04,-2.801081039153475,0.11268440319652527,1.3722553515781852
5.08,-2.846,0.148,1.38
5.12,-2.846,0.148,1.38
5.16,-2.928200948415636,0.2106033713099217,1.3985088228220637
5.2,-3.0175541989471752,0.2780203761537051,1.418216245937882
5.24,-3.1004513583469007,0.33859906956119656,1.4352207914557744
5.28,-3.1761146936804736,0.39342742381065116,1.4510881401183433
5.32,-3.239252618982249,0.43829903110059204,1.4649864255621303
5.36,-3.302390544284024,0.48317063839053287,1.4788847110059173
5.4,-3.312,0.49,1.481
5.44,-3.372276205550822,0.5321933438855756,1.493431967394857
5.48,-3.5062867533933266,0.6250694822214357,1.5216192785318503
5.52,-3.587867913817633,0.6799605099143333,1.5397484252928073
5.56,-3.634,0.711,1.55
5.6,-3.634,0.711,1.55
5.64,-3.634,0.711,1.55
5.68,-3.7895396913986756,0.8140569734420672,1.5767184745960916
5.72,-3.8750524247517744,0.8725076370939837,1.5917450810883629
5.76,-3.956348495510325,0.9282393002504231,1.6060511126748478
5.8,-3.9956139581691796,0.9552015846095034,1.6118100471981465
5.84,-4.034879420828035,0.9821638689685839,1.6175689817214451
5.88,-4.074144883486889,1.0091261533276643,1.6233279162447438
5.92,-4.106,1.031,1.628
5.96,-4.106,1.031,1.628
6,-4.20163612456418,1.0977648416768804,1.6394282161428895
6.04,-4.30508567118301,1.170312257269119,1.6509244713046303
6.08,-4.405012027772804,1.2408896140213506,1.6607074712504843
6.12,-4.408,1.243,1.661
6.16,-4.455915651768468,1.277747991740492,1.664291915006994
6.2,-4.553625020023393,1.3491681971087734,1.6722602303672516
6.24,-4.6094032049518985,1.3917624474178136,1.680880495310748
6.28,-4.649,1.422,1.687
6.32,-4.649,1.422,1.687
6.36,-4.6863112968963065,1.452020583709672,1.6934329822235012
6.4,-4.736,1.492,1.702
6.44,-4.736,1.492,1.702
6.48,-4.812875680607774,1.5542629479302628,1.7204247498977308
6.52,-4.857,1.59,1.731
6.56,-4.857,1.59,1.731
6.6,-4.857,1.59,1.731
6.64,-4.857,1.59,1.731
6.68,-4.857,1.59,1.731
6.72,-4.926664068834575,1.6519236167418443,1.747586683055851
6.76,-4.988015719930525,1.7079340911854102,1.7621303030829352
6.8,-5.006488245456237,1.7297889101172383,1.7662931257366168
6.84,-5.024960770981949,1.7516437290490663,1.7704559483902982
6.88,-5.043433296507661,1.7734985479808945,1.7746187710439798
6.92,-5.054,1.786,1.777
6.96,-5.054,1.786,1.777
7,-5.0750783610294565,1.8155682564440978,1.788124690543324
7.04,-5.123389979482873,1.8833387212190293,1.813622489171516
7.08,-5.166036836284662,1.947745544707762,1.8370892889846406
7.12,-5.2083601782685225,2.0119602704763784,1.8604400983550466
7.16,-5.213,2.019,1.863
7.2,-5.213,2.019,1.863
7.24,-5.320528481355599,2.1734500004925876,1.9167642406777994
7.28,-5.43628826234554,2.341360839632464,1.9672153926583085
7.32,-5.445,2.354,1.971
7.36,-5.445,2.354,1.971
7.4,-5.4828813466556365,2.40595156112773,1.982364403996691
7.44,-5.582535995248097,2.5426207934831044,2.012260798574429
7.48,-5.585,2.546,2.013
7.52,-5.6524954040546795,2.6349077391340945,2.02789553744655
7.56,-5.725647322840802,2.731266473535124,2.0440394091786596
7.6,-5.73,2.737,2.045
7.64,-5.787568702864937,2.810233656025465,2.050091109777171
7.68,-5.925415347337309,2.983712261716015,2.0616311510502983
7.72,-6.00528253863904,3.0817140885272694,2.0681247891978947
7.76,-6.025698050981901,3.105658207941735,2.0708972661827274
7.8,-6.04611356332476,3.1296023273562,2.07366974316756
7.84,-6.066529075667621,3.1535464467706653,2.076442220152393
7.88,-6.085063912225147,3.1750976554776074,2.0809289392153048
7.92,-6.101186889275895,3.1935800925845625,2.0876140760412247
7.96,-6.117309866326643,3.2120625296915177,2.0942992128671447
8,-6.119,3.214,2.095
8.04,-6.146664717591697,3.2426186733707207,2.113125159801456
8.08,-6.148,3.244,2.114
8.12,-6.148,3.244,2.114
8.16,-6.16349331142488,3.2637970090429027,2.1096963023819777
8.2,-6.170310064149595,3.270232548112196,2.101996145756909
8.24,-6.176965369317809,3.276756134469225,2.093034630682191
8.28,-6.187976786862866,3.2907039300262966,2.082023213137134
8.32,-6.189,3.292,2.081
8.36,-6.189,3.292,2.081
8.4,-6.191622389908489,3.293398607951194,2.076104872170821
8.44,-6.202225312199808,3.2990534998398973,2.056312750560359
8.48,-6.21390230525339,3.30990230525339,2.002588264164561
8.52,-6.215,3.311,1.997
8.56,-6.215,3.311,1.997
8.6,-6.216061731186269,3.31595474553592,1.9669176163890563
8.64,-6.218486653689365,3.3274332684468266,1.8842607397061764
8.68,-6.21995115809321,3.334755790466048,1.8007839886870527
8.72,-6.220238192416999,3.3369055393359917,1.7639384843691475
8.76,-6.220484602733288,3.3388768218663025,1.7287018091398445
8.8,-6.220731013049576,3.340848104396613,1.6934651339105398
8.84,-6.2209774233658655,3.342819386926924,1.6582284586812366
8.88,-6.221,3.343,1.655
8.92,-6.221596635750963,3.3447899072528884,1.6266598018292684
8.96,-6.2229426896662385,3.3488280689987167,1.5627222408536572
9,-6.221777198798735,3.3575596084088564,1.493357334531046
9.04,-6.221,3.3643905175301576,1.4380218363851938
9.08,-6.221,3.367942537403316,1.4048696509023844
9.12,-6.221,3.3714945572764736,1.3717174654195765
9.16,-6.221,3.372,1.367
9.2,-6.221,3.3730187502549436,1.358442497858474
9.24,-6.221,3.3768207453872194,1.326505738747354
9.28,-6.221,3.377,1.325
9.32,-6.220750703108443,3.3792436720240135,1.318767577711073
9.36,-6.2201042295939795,3.385061933654183,1.302605739849491
9.4,-6.22,3.386,1.3
9.44,-6.216935770237082,3.387225691905167,1.2883559269009135
9.48,-6.214001534637172,3.388,1.2786702474867362
9.52,-6.21165193258128,3.388,1.273187842689653
9.56,-6.209302330525387,3.388,1.2677054378925696
9.6,-6.209,3.388,1.267
9.64,-6.206679345605026,3.3883867757324957,1.2646793456050258
9.68,-6.201588268113408,3.3894705772955307,1.2600588454089383
9.72,-6.197150620791809,3.390949793069397,1.2571004138612056
9.76,-6.194066884915098,3.392,1.2547993452547048
9.8,-6.194297503055029,3.392,1.2541074908349128
9.84,-6.19452812119496,3.392,1.253415636415121
9.88,-6.19475873933489,3.392,1.2527237819953292
9.92,-6.194989357474821,3.392,1.2520319275755372
9.96,-6.195,3.392,1.252
10,-6.195,3.3922490010067543,1.2526225025168864
10.04,-6.195,3.393737154210851,1.2563428855271268
10.08,-6.194350183364537,3.394,1.257
10.12,-6.19356097186027,3.394,1.257
10.16,-6.193,3.394,1.257
10.2,-6.193,3.394,1.257
10.24,-6.192540619848753,3.3935406198487525,1.2625125618149668
10.28,-6.190287472503708,3.3921437362518536,1.2767063737333164
10.32,-6.1864000182278795,3.39020000911394,1.294199917974543
10.36,-6.186,3.39,1.296
10.4,-6.186,3.39,1.296
10.44,-6.186,3.39,1.296
10.48,-6.172871880645199,3.3890622771889425,1.3757064389398606
10.52,-6.172,3.389,1.381
10.56,-6.172,3.389,1.381
10.6,-6.172,3.389,1.381
10.64,-6.172,3.389,1.381
10.68,-6.162473716203298,3.3861421148609896,1.4210103919461492
10.72,-6.15279296056875,3.377368400533203,1.466733437298437
10.76,-6.146,3.371,1.499
10.8,-6.146,3.371,1.499
10.84,-6.146,3.371,1.499
10.88,-6.146,3.371,1.499
10.92,-6.144952672543492,3.369778117967407,1.5054585193151344
10.96,-6.14218396468404,3.366547958798047,1.522532217781751
11,-6.139491151310907,3.3648480811484864,1.5419365680394062
11.04,-6.1370817972149485,3.368863671308419,1.570045699158931
11.08,-6.137,3.369,1.571
11.12,-6.134999562401585,3.369,1.5803353754592653
11.16,-6.131,3.369,1.599
11.2,-6.131,3.369,1.599
11.24,-6.116726773558368,3.3709030968588842,1.6332557434599158
11.28,-6.116,3.371,1.635
11.32,-6.108744743280496,3.368327010682288,1.648746802205376
11.36,-6.097,3.364,1.671
11.4,-6.097,3.364,1.671
11.44,-6.077636751164335,3.3481573418617283,1.7044456116252402
11.48,-6.063569582861102,3.335998385003464,1.7215020187456707
11.52,-6.050427763664537,3.324499293206469,1.7358758834919135
11.56,-6.043,3.318,1.744
11.6,-6.043,3.318,1.744
11.64,-6.026725141671026,3.303811661969612,1.7573537299109534
11.68,-5.985580395048894,3.2676656333452456,1.784688492901465
11.72,-5.937434220027505,3.2249699687036366,1.8073989528172145
11.76,-5.898,3.19,1.826
11.8,-5.898,3.19,1.826
11.84,-5.898,3.19,1.826
11.88,-5.898,3.19,1.826
11.92,-5.898,3.19,1.826
11.96,-5.864223078694711,3.161852565578926,1.831629486884215
12,-5.838,3.14,1.836
12.04,-5.838,3.14,1.836
12.08,-5.778963445419046,3.0906415691208413,1.8369678123701796
12.12,-5.750100172784671,3.066347513923933,1.8360561464134972
12.16,-5.722301685755148,3.0429382616885454,1.8350807609036894
12.2,-5.72,3.041,1.835
12.24,-5.696719101633244,3.020305868118439,1.8315509780197399
12.28,-5.657273062874831,2.9844587423881315,1.824771845840382
12.32,-5.634548290416754,2.962217475727036,1.818969776276618
12.36,-5.619,2.947,1.815
12.4,-5.619,2.947,1.815
12.44,-5.610392238174263,2.9381872914641263,1.812950532898634
12.48,-5.5785294184463865,2.9055658331713006,1.8053641472491395
12.52,-5.558489383524277,2.8854893835242774,1.801388172394981
12.56,-5.539045456668051,2.8660454566680515,1.7975942354474246
12.6,-5.521350380121284,2.8486991805945867,1.7945583966868806
12.64,-5.5039800928856675,2.831742471626485,1.791663348814278
12.68,-5.476021875228632,2.8035938246388374,1.7878597470510276
12.72,-5.446656772102906,2.773781033216792,1.7845029555444563
12.76,-5.434274574092859,2.7616867933000018,1.7833511231714287
12.8,-5.421892376082811,2.7495925533832106,1.782199290798401
12.84,-5.409510178072764,2.7374983134664204,1.7810474584253733
12.88,-5.409,2.737,1.781
12.92,-5.409,2.737,1.781
12.96,-5.381210837891446,2.7098149501111974,1.7779794389012442
13,-5.363,2.692,1.776
13.04,-5.349349646502634,2.67891841123169,1.7751468529064145
13.08,-5.317302626219214,2.6482066834600797,1.7731439141387009
13.12,-5.286353731121884,2.6191725418443035,1.77209059463879
13.16,-5.2554898460550135,2.590268268527711,1.771110788763651
13.2,-5.216885185185186,2.5549654320987663,1.771616049382716
13.24,-5.181832101493991,2.5235311851721853,1.7715752290804514
13.28,-5.152388558035791,2.4978868086118178,1.7706254373559933
13.32,-5.133,2.481,1.77
13.36,-5.133,2.481,1.77
13.4,-5.133,2.481,1.77
13.44,-5.1090153211113005,2.460189763905393,1.7696472841339896
13.48,-5.068669500933628,2.425183831692412,1.7690539632490239
13.52,-5.033841475108409,2.395229999741028,1.7685611475367382
13.56,-4.999565509902827,2.3657816352686263,1.76807838746342
13.6,-4.994,2.361,1.768
13.64,-4.978029503391433,2.3470258154675046,1.7675563750942065
13.68,-4.92960497474464,2.3046543529015606,1.7662112492984623
13.72,-4.833681693879566,2.22253815616292,1.7637640935159384
13.76,-4.764,2.163,1.762
13.8,-4.764,2.163,1.762
13.84,-4.764,2.163,1.762
13.88,-4.764,2.163,1.762
13.92,-4.749756758986562,2.1510754261282847,1.762
13.96,-4.702594163220877,2.111590462231432,1.762
14,-4.678,2.091,1.762
14.04,-4.649271357019434,2.06721391925265,1.762308910139576
14.08,-4.587717436504367,2.016249920546626,1.762970780252641
14.12,-4.585,2.014,1.763
14.16,-4.567865552840292,1.999899777858157,1.7628215161754197
14.2,-4.496820183324365,1.941435359194009,1.7620814602429622
14.24,-4.489,1.935,1.762
14.28,-4.428185750661037,1.8842169670468458,1.762
14.32,-4.363999850486344,1.8308079569684867,1.7625656595861345
14.36,-4.299864037718219,1.7776853645746862,1.763861332571349
14.4,-4.293,1.772,1.764
14.44,-4.2622179760963705,1.74706656063806,1.764
14.48,-4.196236342327673,1.6936214372854155,1.764
14.52,-4.193,1.691,1.764
14.56,-4.171888886204493,1.67389999782564,1.76442222227591
14.6,-4.104333889002977,1.619180450092411,1.7657733222199405
14.64,-4.024554227803697,1.5560000691717608,1.766
14.68,-3.942310136619157,1.4911140273829528,1.766
14.72,-3.8825878820137203,1.444033335867923,1.7658835498164664
14.76,-3.854928881337456,1.4223012639080013,1.7656013151156884
14.8,-3.827269880661191,1.4005691919480785,1.7653190804149101
14.84,-3.799610879984927,1.3788371199881568,1.7650368457141319
14.88,-3.796,1.376,1.765
14.92,-3.796,1.376,1.765
14.96,-3.745678870442202,1.3355243088339452,1.7639060624009173
15,-3.704,1.302,1.763
15.04,-3.704,1.302,1.763
15.08,-3.6497726241331483,1.260097027739251,1.7611513394590845
15.12,-3.598483825843589,1.219987060674871,1.7595878547257315
15.16,-3.5613910965798694,1.1903128772638953,1.7587150846254087
15.2,-3.531,1.166,1.758
15.24,-3.531,1.166,1.758
15.28,-3.477893700813204,1.1232559055325788,1.757352362205039
15.32,-3.4257329935726473,1.0810416984666018,1.757
15.36,-3.376690438221995,1.0410810978105145,1.757
15.4,-3.3345507369288265,1.0080768211198408,1.757
15.44,-3.293897669572382,0.976570693918596,1.757
15.48,-3.288,0.972,1.757
15.52,-3.288,0.972,1.757
15.56,-3.251638250171047,0.9422494774126746,1.7565277694827408
15.6,-3.212529099837127,0.9102510816849221,1.7560198584394433
15.64,-3.163869358114297,0.8712954864914375,1.756
15.68,-3.1201070603544396,0.8359373098803612,1.756217711501994
15.72,-3.0833006565269523,0.8056854711180428,1.7567219088146993
15.76,-3.0524174969964193,0.780034268288633,1.7574409376251492
15.8,-3.0288194210072885,0.7600414539089526,1.758424190791363
15.84,-3.0052213450181586,0.740048639529273,1.7594074439575766
15.88,-2.991,0.728,1.76
15.92,-2.991,0.728,1.76
15.96,-2.967020459588746,0.7070601196408766,1.7603377400057922
16,-2.92,0.666,1.761
16.04,-2.92,0.666,1.761
16.08,-2.8755384050938773,0.6273377435598935,1.7616443709406684
16.12,-2.8368307585728005,0.5933111270801198,1.7622114812153313
16.16,-2.8065773769018145,0.5662185464792371,1.762663024225346
16.2,-2.773998796141565,0.5375482784294915,1.7628591379738248
16.24,-2.7345811242409717,0.5042375697811029,1.7623039594963517
16.28,-2.713,0.486,1.762
16.32,-2.713,0.486,1.762
16.36,-2.6734552853876927,0.4532343793212312,1.7625649244944614
16.4,-2.633510604186351,0.42043598884419314,1.7628624725244397
16.44,-2.5959254046577755,0.3904767718286619,1.762317759487794
16.48,-2.574,0.373,1.762
16.52,-2.574,0.373,1.762
16.56,-2.574,0.373,1.762
16.6,-2.4993138856911705,0.3113839556952155,1.7601328471422792
16.64,-2.433051868343066,0.2535531768546889,1.7595311682180235
16.68,-2.3679623806638954,0.1964747030437239,1.7590304798512606
16.72,-2.364,0.193,1.759
16.76,-2.364,0.193,1.759
16.8,-2.364,0.193,1.759
16.84,-2.364,0.193,1.759
16.88,-2.3078775899438657,0.13978047322263146,1.759
16.92,-2.275446443509638,0.11161283757650556,1.759
16.96,-2.2439096944858203,0.08437655432866284,1.759
17,-2.24,0.081,1.759
17.04,-2.2281254505846046,0.0714343907487091,1.758835075702564
17.08,-2.1894837285392126,0.04030633687881005,1.7582983851186
17.12,-2.155889501895065,0.013138594400266986,1.7578269928842152
17.16,-2.1286153045109986,-0.009070394898186764,1.757437361493014
17.2,-2.101341107126933,-0.03127938419664051,1.7570477301018133
17.24,-2.098,-0.034,1.757
17.28,-2.059364512402407,-0.06535633776036512,1.757
17.32,-2.020173488282006,-0.09746858683830231,1.7571357924879691
17.36,-1.9876783962812323,-0.12496443391588036,1.7576357169802888
17.4,-1.9545581570810955,-0.1532616125540413,1.758
17.44,-1.9197590028325662,-0.1837108725215045,1.758
17.48,-1.9,-0.201,1.758
17.52,-1.9,-0.201,1.758
17.56,-1.8928377469210347,-0.20720015938179082,1.7577862014006278
17.6,-1.855136390834204,-0.23983715420322638,1.7566607877860956
17.64,-1.833,-0.259,1.756
17.68,-1.76902791241087,-0.3144424759105792,1.756
17.72,-1.689926509345091,-0.3827674848136736,1.756
17.76,-1.6730812682981562,-0.3968877603971337,1.756
17.8,-1.6562360272512229,-0.41100803598059243,1.756
17.84,-1.6393907862042896,-0.42512831156405123,1.756
17.88,-1.620841790870709,-0.44063184094107577,1.7561387607443832
17.92,-1.6001464826828289,-0.45787793109764263,1.7564523260199572
17.96,-1.5794511744949504,-0.47512402125420794,1.756765891295531
18,-1.5544200084083075,-0.4955782023038762,1.7571429849491296
18.04,-1.5166137872025571,-0.5254846160934997,1.7577072569074246
18.08,-1.497,-0.541,1.758
18.12,-1.497,-0.541,1.758
18.16,-1.497,-0.541,1.758
18.2,-1.456769171772714,-0.5731846625818288,1.7604757432755254
18.24,-1.4171256550364641,-0.6051283120471908,1.762457672152724
18.28,-1.384652431503687,-0.6316064789277629,1.763456848261425
18.32,-1.3478410339358569,-0.6626868414107052,1.7670901558167973
18.36,-1.30586261696349,-0.6992486884511538,1.7738608682316952
18.4,-1.305,-0.7,1.774
18.44,-1.305,-0.7,1.774
18.48,-1.2798861740208431,-0.7228307508901426,1.7758264600712115
18.52,-1.2506296804999384,-0.7494275631818741,1.77795420505455
18.56,-1.233877493096652,-0.7649976808403237,1.778374942021008
18.6,-1.2174003526474821,-0.7803252533511794,1.7787581313337795
18.64,-1.1996625079811882,-0.7977236758092756,1.7774552648381448
18.68,-1.1797669825022392,-0.8186663342081693,1.773266733158366
18.72,-1.169,-0.83,1.771
18.76,-1.169,-0.83,1.771
18.8,-1.169,-0.83,1.771
18.84,-1.169,-0.83,1.771
18.88,-1.1672037162748792,-0.8341913286919485,1.7698024775165861
18.92,-1.165378323614987,-0.8384505782316966,1.768585549076658
18.96,-1.1638840047503116,-0.8419373222492726,1.7675893365002078
19,-1.163,-0.844,1.767
19.04,-1.161796684448092,-0.8449776938859251,1.767376036109971
19.08,-1.1527679990851427,-0.8523135007433216,1.770197500285893
19.12,-1.147,-0.857,1.772
19.16,-1.1427875746892981,-0.8604798296044929,1.772
19.2,-1.1306741754119412,-0.8704865507466574,1.772
19.24,-1.1160525414073221,-0.8816767561376271,1.7740436322095456
19.28,-1.0983531891549736,-0.8943191506035902,1.7785948942172924
19.32,-1.089,-0.901,1.781
19.36,-1.089,-0.901,1.781
19.4,-1.048392672476753,-0.9338725984712,1.7829336822630117
19.44,-1.0176869835307705,-0.961707415005298,1.783651400365983
19.48,-1.002,-0.976,1.784
19.52,-1.002,-0.976,1.784
19.56,-0.9859826851580596,-0.9902699714046377,1.7845824478124341
19.6,-0.9479072445708,-1.0241917275641963,1.7859670092883346
19.64,-0.9079663085486314,-1.0598300631412212,1.785399481669979
19.68,-0.8704778130024735,-1.0933183764156953,1.7846560541194767
19.72,-0.8376157407223346,-1.122747097860596,1.78367509673798
19.76,-0.8081521089147785,-1.1490989029977754,1.7831069982982066
19.8,-0.7861895274250552,-1.1686593271370602,1.7834501636339835
19.84,-0.7642269459353319,-1.188219751276345,1.7837933289697605
19.88,-0.751,-1.2,1.784
19.92,-0.751,-1.2,1.784
19.96,-0.751,-1.2,1.784
20,-0.7196088287409653,-1.229065899313921,1.784
